sample,true_pitch,true_note,pred_pitch,pred_note,Match
keyboard_acoustic_011-053-127,53,F3,207.87749775597854,G#3,False
keyboard_acoustic_018-046-100,46,A#2,81.93668488545225,E2,False
keyboard_acoustic_018-045-127,45,A2,146.69293863984228,D3,False
keyboard_acoustic_011-045-025,45,A2,174.72924750451466,F3,False
keyboard_acoustic_007-053-075,53,F3,116.57913145643033,A#2,False
keyboard_acoustic_000-047-127,47,B2,109.67526222987291,A2,False
keyboard_acoustic_008-045-127,45,A2,174.43145336168456,F3,False
keyboard_acoustic_003-051-025,51,D#3,196.38900542580143,G3,False
keyboard_acoustic_012-055-025,55,G3,155.7813592965681,D#3,False
keyboard_acoustic_000-055-025,55,G3,155.77659210330523,D#3,False
keyboard_acoustic_008-054-127,54,F#3,142.56062747801843,C#3,False
keyboard_acoustic_003-045-100,45,A2,123.97334165568603,B2,False
keyboard_acoustic_017-051-025,51,D#3,155.7172222112995,D#3,True
keyboard_acoustic_010-048-100,48,C3,130.94243897292668,C3,True
keyboard_acoustic_001-046-050,46,A#2,104.06691020489257,G#2,False
keyboard_acoustic_003-050-100,50,D3,122.35486371306615,B2,False
keyboard_acoustic_002-045-025,45,A2,185.2810341516505,F#3,False
keyboard_acoustic_015-052-127,52,E3,109.72937117185147,A2,False
keyboard_acoustic_017-046-050,46,A#2,164.84300495394683,E3,False
keyboard_acoustic_011-050-050,50,D3,123.47100246561666,B2,False
keyboard_acoustic_005-053-050,53,F3,165.51356002896415,E3,False
keyboard_acoustic_013-056-025,56,G#3,185.50860796827692,F#3,False
keyboard_acoustic_002-053-100,53,F3,146.84934407226928,D3,False
keyboard_acoustic_014-044-025,44,G#2,130.81212733735066,C3,False
keyboard_acoustic_005-044-127,44,G#2,104.19223298424718,G#2,True
keyboard_acoustic_000-049-127,49,C#3,123.69528967236508,B2,False
keyboard_acoustic_014-048-050,48,C3,175.08177792556106,F3,False
keyboard_acoustic_012-052-075,52,E3,155.7736921423906,D#3,False
keyboard_acoustic_001-053-075,53,F3,130.68034289397892,C3,False
keyboard_acoustic_002-049-025,49,C#3,174.10314369116446,F3,False
keyboard_acoustic_008-046-075,46,A#2,500.0,B4,False
keyboard_acoustic_005-047-050,47,B2,116.62728671806323,A#2,False
keyboard_acoustic_002-044-100,44,G#2,142.41643511679166,C#3,False
keyboard_acoustic_001-046-127,46,A#2,110.34675995328023,A2,False
keyboard_acoustic_010-056-127,56,G#3,208.24812327478298,G#3,True
keyboard_acoustic_005-056-050,56,G#3,116.45610196730718,A#2,False
keyboard_acoustic_007-050-127,50,D3,69.32481613544735,C#2,False
keyboard_acoustic_000-049-100,49,C#3,207.51624683103296,G#3,False
keyboard_acoustic_014-055-025,55,G3,146.68847436801337,D3,False
keyboard_acoustic_017-053-075,53,F3,293.8493251690235,D4,False
keyboard_acoustic_017-050-075,50,D3,174.6926948826283,F3,False
keyboard_acoustic_019-046-127,46,A#2,196.25825141539877,G3,False
keyboard_acoustic_001-049-100,49,C#3,123.76993281960397,B2,False
keyboard_acoustic_010-051-127,51,D#3,109.63849910260942,A2,False
keyboard_acoustic_008-051-025,51,D#3,116.57275316762724,A#2,False
keyboard_acoustic_002-046-100,46,A#2,104.59229273110394,G#2,False
keyboard_acoustic_001-052-075,52,E3,131.27249451278797,C3,False
keyboard_acoustic_018-056-025,56,G#3,207.96130969281216,G#3,True
keyboard_acoustic_008-047-100,47,B2,146.7508222898541,D3,False
keyboard_acoustic_017-052-075,52,E3,185.52948176001627,F#3,False
keyboard_acoustic_006-046-025,46,A#2,65.26462493982217,C2,False
keyboard_acoustic_002-046-025,46,A#2,103.98758691700057,G#2,False
keyboard_acoustic_006-044-127,44,G#2,185.1034877913906,F#3,False
keyboard_acoustic_006-055-050,55,G3,164.84205647446902,E3,False
keyboard_acoustic_008-050-050,50,D3,155.59458579291524,D#3,False
keyboard_acoustic_008-053-050,53,F3,155.86187650167795,D#3,False
keyboard_acoustic_014-047-100,47,B2,123.57532460291989,B2,True
keyboard_acoustic_016-052-050,52,E3,155.8517957339459,D#3,False
keyboard_acoustic_005-048-100,48,C3,103.74253503716918,G#2,False
keyboard_acoustic_015-055-050,55,G3,123.61807779409494,B2,False
keyboard_acoustic_013-055-075,55,G3,185.09921110828435,F#3,False
keyboard_acoustic_011-051-100,51,D#3,138.3100641597133,C#3,False
keyboard_acoustic_020-050-127,50,D3,116.87086054264995,A#2,False
keyboard_acoustic_012-045-100,45,A2,104.19358251224591,G#2,False
keyboard_acoustic_002-054-025,54,F#3,130.683260959666,C3,False
keyboard_acoustic_013-056-050,56,G#3,165.64409030138052,E3,False
keyboard_acoustic_000-056-100,56,G#3,208.01758949945958,G#3,True
keyboard_acoustic_003-049-025,49,C#3,185.5086079691828,F#3,False
keyboard_acoustic_008-054-050,54,F#3,116.80894861760125,A#2,False
keyboard_acoustic_007-044-075,44,G#2,500.0,B4,False
keyboard_acoustic_009-048-127,48,C3,146.65995399609034,D3,False
keyboard_acoustic_009-051-025,51,D#3,69.21342009723557,C#2,False
keyboard_acoustic_000-052-025,52,E3,208.40497276222857,G#3,False
keyboard_acoustic_007-048-025,48,C3,164.97259687505277,E3,False
keyboard_acoustic_018-055-025,55,G3,174.72117418806957,F3,False
keyboard_acoustic_012-056-025,56,G#3,116.67498582819951,A#2,False
keyboard_acoustic_001-048-100,48,C3,196.33401302632953,G3,False
keyboard_acoustic_018-044-050,44,G#2,138.3918729090791,C#3,False
keyboard_acoustic_001-044-050,44,G#2,109.59796403346985,A2,False
keyboard_acoustic_014-046-100,46,A#2,138.61116822249687,C#3,False
keyboard_acoustic_010-047-050,47,B2,110.35307204570383,A2,False
keyboard_acoustic_010-045-075,45,A2,195.80568289878863,G3,False
keyboard_acoustic_010-056-075,56,G#3,156.21999448862618,D#3,False
keyboard_acoustic_018-054-100,54,F#3,208.1613095107125,G#3,False
keyboard_acoustic_011-056-050,56,G#3,165.1370798128201,E3,False
keyboard_acoustic_015-050-075,50,D3,185.31763267233185,F#3,False
keyboard_acoustic_008-051-127,51,D#3,116.86968470135892,A#2,False
keyboard_acoustic_001-056-127,56,G#3,130.8973508942301,C3,False
keyboard_acoustic_001-050-127,50,D3,104.1088271396685,G#2,False
keyboard_acoustic_012-054-050,54,F#3,155.30543708621562,D#3,False
keyboard_acoustic_003-048-127,48,C3,150.5140039431065,D3,False
keyboard_acoustic_002-055-127,55,G3,174.64955344640848,F3,False
keyboard_acoustic_009-054-050,54,F#3,73.4622654584985,D2,False
keyboard_acoustic_012-044-025,44,G#2,110.3174615836182,A2,False
keyboard_acoustic_003-049-127,49,C#3,138.59562623100862,C#3,True
keyboard_acoustic_009-052-100,52,E3,196.38855757182353,G3,False
keyboard_acoustic_005-050-050,50,D3,124.79672325648343,B2,False
keyboard_acoustic_002-052-100,52,E3,138.51197003460558,C#3,False
keyboard_acoustic_008-048-075,48,C3,110.15992854328465,A2,False
keyboard_acoustic_016-044-127,44,G#2,174.91342254950206,F3,False
keyboard_acoustic_001-054-100,54,F#3,196.26483059012315,G3,False
keyboard_acoustic_010-046-050,46,A#2,207.76922588772288,G#3,False
keyboard_acoustic_003-054-025,54,F#3,111.15553900654122,A2,False
keyboard_acoustic_018-049-075,49,C#3,185.47761439534793,F#3,False
keyboard_acoustic_008-044-075,44,G#2,116.60142455083567,A#2,False
keyboard_acoustic_003-047-050,47,B2,131.1338173299797,C3,False
keyboard_acoustic_003-054-100,54,F#3,123.26434706656073,B2,False
keyboard_acoustic_000-048-050,48,C3,104.1560739604451,G#2,False
keyboard_acoustic_011-045-075,45,A2,185.0922416349767,F#3,False
keyboard_acoustic_014-051-127,51,D#3,103.9439724981472,G#2,False
keyboard_acoustic_009-044-050,44,G#2,131.00269463483502,C3,False
keyboard_acoustic_017-049-025,49,C#3,174.8500524994153,F3,False
keyboard_acoustic_007-050-075,50,D3,123.54664883855041,B2,False
keyboard_acoustic_011-054-127,54,F#3,81.93668488545225,E2,False
keyboard_acoustic_002-056-100,56,G#3,130.87971786937726,C3,False
keyboard_acoustic_016-047-050,47,B2,155.580431637415,D#3,False
keyboard_acoustic_008-051-050,51,D#3,122.96393450396896,B2,False
keyboard_acoustic_013-052-100,52,E3,104.2103648682903,G#2,False
keyboard_acoustic_010-052-127,52,E3,130.92388701013243,C3,False
keyboard_acoustic_008-048-050,48,C3,164.9866895497271,E3,False
keyboard_acoustic_015-052-075,52,E3,147.03585813605577,D3,False
keyboard_acoustic_015-051-075,51,D#3,185.53498266866558,F#3,False
keyboard_acoustic_018-048-100,48,C3,174.82773780613175,F3,False
keyboard_acoustic_003-051-050,51,D#3,156.13440846901085,D#3,True
keyboard_acoustic_008-056-050,56,G#3,164.80475106526637,E3,False
keyboard_acoustic_012-051-127,51,D#3,179.1840660844987,F3,False
keyboard_acoustic_000-047-075,47,B2,185.1057164405883,F#3,False
keyboard_acoustic_010-056-025,56,G#3,138.26707461487496,C#3,False
keyboard_acoustic_000-045-025,45,A2,73.3304435785509,D2,False
keyboard_acoustic_016-048-127,48,C3,103.83475587254557,G#2,False
keyboard_acoustic_010-046-075,46,A#2,208.00400284699975,G#3,False
keyboard_acoustic_000-049-075,49,C#3,116.98810460117573,A#2,False
keyboard_acoustic_006-056-025,56,G#3,146.54739372423575,D3,False
keyboard_acoustic_003-055-100,55,G3,138.59995900972024,C#3,False
keyboard_acoustic_015-053-100,53,F3,116.64866211890208,A#2,False
keyboard_acoustic_011-046-050,46,A#2,165.10435782382552,E3,False
keyboard_acoustic_010-052-050,52,E3,207.86602432012216,G#3,False
keyboard_acoustic_009-048-100,48,C3,174.9188969230661,F3,False
keyboard_acoustic_008-050-075,50,D3,155.9731969786937,D#3,False
keyboard_acoustic_010-054-100,54,F#3,196.1650544210749,G3,False
keyboard_acoustic_007-048-127,48,C3,110.05810087201678,A2,False
keyboard_acoustic_003-056-025,56,G#3,138.51486068193822,C#3,False
keyboard_acoustic_002-047-100,47,B2,52.122602907540305,G#1,False
keyboard_acoustic_012-048-127,48,C3,116.93724250742278,A#2,False
keyboard_acoustic_009-049-025,49,C#3,154.98929257041215,D#3,False
keyboard_acoustic_008-046-127,46,A#2,123.59440400670587,B2,False
keyboard_acoustic_016-056-127,56,G#3,130.8735586158504,C3,False
keyboard_acoustic_013-045-127,45,A2,185.16872085865333,F#3,False
keyboard_acoustic_001-048-025,48,C3,123.49852900484362,B2,False
keyboard_acoustic_019-051-100,51,D#3,103.7870793989787,G#2,False
keyboard_acoustic_011-056-075,56,G#3,131.2009209598968,C3,False
keyboard_acoustic_009-052-025,52,E3,165.16860203829668,E3,True
keyboard_acoustic_017-055-075,55,G3,159.3372403223586,D#3,False
keyboard_acoustic_009-056-127,56,G#3,185.3053355416696,F#3,False
keyboard_acoustic_016-044-075,44,G#2,104.21460562453103,G#2,True
keyboard_acoustic_007-053-100,53,F3,130.8202691267578,C3,False
keyboard_acoustic_006-044-075,44,G#2,77.8177584043562,D#2,False
keyboard_acoustic_002-055-100,55,G3,164.78566437710546,E3,False
keyboard_acoustic_007-045-100,45,A2,184.26165687122432,F#3,False
keyboard_acoustic_003-048-100,48,C3,147.40451177302864,D3,False
keyboard_acoustic_007-055-025,55,G3,103.59467598117169,G#2,False
keyboard_acoustic_001-056-100,56,G#3,130.82906127781038,C3,False
keyboard_acoustic_018-045-050,45,A2,104.21183762135189,G#2,False
keyboard_acoustic_019-055-127,55,G3,146.41743977685817,D3,False
keyboard_acoustic_017-053-127,53,F3,138.87019482743682,C#3,False
keyboard_acoustic_002-055-025,55,G3,110.16417913231079,A2,False
keyboard_acoustic_001-052-127,52,E3,123.44020553079714,B2,False
keyboard_acoustic_007-054-100,54,F#3,196.12428548363482,G3,False
keyboard_acoustic_003-046-025,46,A#2,175.16997559994576,F3,False
keyboard_acoustic_018-052-075,52,E3,116.740615286397,A#2,False
keyboard_acoustic_005-054-025,54,F#3,87.32152300361042,F2,False
keyboard_acoustic_018-051-100,51,D#3,165.23328621662418,E3,False
keyboard_acoustic_000-050-050,50,D3,207.99482298840982,G#3,False
keyboard_acoustic_011-047-075,47,B2,110.07816210038695,A2,False
keyboard_acoustic_005-055-127,55,G3,138.73272053717346,C#3,False
keyboard_acoustic_018-049-050,49,C#3,196.339209057887,G3,False
keyboard_acoustic_011-053-025,53,F3,207.5918295848905,G#3,False
keyboard_acoustic_000-048-075,48,C3,116.11661564251017,A#2,False
keyboard_acoustic_006-046-050,46,A#2,147.04383754485292,D3,False
keyboard_acoustic_006-054-075,54,F#3,138.65871438464814,C#3,False
keyboard_acoustic_013-052-127,52,E3,185.19953939852036,F#3,False
keyboard_acoustic_002-049-100,49,C#3,208.0936299775661,G#3,False
keyboard_acoustic_002-054-100,54,F#3,165.07804328389102,E3,False
keyboard_acoustic_006-046-127,46,A#2,130.84760875966285,C3,False
keyboard_acoustic_013-054-025,54,F#3,103.89089097501613,G#2,False
keyboard_acoustic_011-052-050,52,E3,116.81909487422693,A#2,False
keyboard_acoustic_015-048-100,48,C3,139.10063457295638,C#3,False
keyboard_acoustic_016-047-025,47,B2,110.04307101550972,A2,False
keyboard_acoustic_011-048-025,48,C3,116.44426781728382,A#2,False
keyboard_acoustic_016-045-127,45,A2,123.6794131116726,B2,False
keyboard_acoustic_012-051-100,51,D#3,196.41101573027782,G3,False
keyboard_acoustic_012-045-025,45,A2,104.91794849322093,G#2,False
keyboard_acoustic_014-045-050,45,A2,110.00616671561198,A2,True
keyboard_acoustic_013-047-100,47,B2,196.1017037106767,G3,False
keyboard_acoustic_011-046-075,46,A#2,77.68931178541501,D#2,False
keyboard_acoustic_014-045-100,45,A2,130.7126741492721,C3,False
keyboard_acoustic_012-046-025,46,A#2,169.64664302454773,F3,False
keyboard_acoustic_008-049-025,49,C#3,155.37085279078025,D#3,False
keyboard_acoustic_012-047-050,47,B2,123.81313353754831,B2,True
keyboard_acoustic_001-051-025,51,D#3,156.02114230325455,D#3,True
keyboard_acoustic_010-050-127,50,D3,196.20798056243737,G3,False
keyboard_acoustic_005-045-127,45,A2,174.8927758785723,F3,False
keyboard_acoustic_012-044-075,44,G#2,110.21087690861091,A2,False
keyboard_acoustic_003-055-127,55,G3,138.92044933216312,C#3,False
keyboard_acoustic_012-048-075,48,C3,174.41511512689013,F3,False
keyboard_acoustic_016-050-100,50,D3,147.15519928106326,D3,True
keyboard_acoustic_011-052-127,52,E3,165.3159346553296,E3,True
keyboard_acoustic_005-051-127,51,D#3,103.59467598117169,G#2,False
keyboard_acoustic_001-045-127,45,A2,208.14000307049287,G#3,False
keyboard_acoustic_007-051-127,51,D#3,138.64575830064177,C#3,False
keyboard_acoustic_009-047-050,47,B2,116.70666236801344,A#2,False
keyboard_acoustic_007-048-100,48,C3,146.1250443835787,D3,False
keyboard_acoustic_017-045-025,45,A2,174.76322281786173,F3,False
keyboard_acoustic_017-055-100,55,G3,207.7352969146342,G#3,False
keyboard_acoustic_014-056-050,56,G#3,109.93205777147314,A2,False
keyboard_acoustic_010-054-127,54,F#3,139.03434782699094,C#3,False
keyboard_acoustic_011-044-100,44,G#2,116.60487932510812,A#2,False
keyboard_acoustic_016-056-100,56,G#3,196.25142502550864,G3,False
keyboard_acoustic_003-048-075,48,C3,175.16954800764347,F3,False
keyboard_acoustic_010-045-127,45,A2,123.77458975733568,B2,False
keyboard_acoustic_003-051-100,51,D#3,130.67365025734813,C3,False
keyboard_acoustic_003-050-025,50,D3,123.90385439574865,B2,False
keyboard_acoustic_001-048-127,48,C3,103.9133695643721,G#2,False
keyboard_acoustic_003-052-075,52,E3,130.858850503387,C3,False
keyboard_acoustic_002-047-127,47,B2,147.20888289191637,D3,False
keyboard_acoustic_017-044-100,44,G#2,185.1229560924486,F#3,False
keyboard_acoustic_017-056-025,56,G#3,165.0715289757095,E3,False
keyboard_acoustic_019-050-025,50,D3,116.71782802331279,A#2,False
keyboard_acoustic_008-048-100,48,C3,142.13171795217664,C#3,False
keyboard_acoustic_013-048-050,48,C3,208.1981792523759,G#3,False
keyboard_acoustic_020-054-127,54,F#3,215.1842885317177,A3,False
keyboard_acoustic_000-046-100,46,A#2,147.1096392361005,D3,False
keyboard_acoustic_002-046-050,46,A#2,174.64209708128897,F3,False
keyboard_acoustic_012-049-075,49,C#3,103.57156801946955,G#2,False
keyboard_acoustic_008-052-100,52,E3,196.2746964608922,G3,False
keyboard_acoustic_019-056-025,56,G#3,138.84800183260216,C#3,False
keyboard_acoustic_019-054-025,54,F#3,147.02817080188277,D3,False
keyboard_acoustic_018-045-025,45,A2,115.58539644438562,A#2,False
keyboard_acoustic_007-044-100,44,G#2,110.02901239000101,A2,False
keyboard_acoustic_007-049-127,49,C#3,165.00224798995953,E3,False
keyboard_acoustic_009-050-050,50,D3,123.61323473519084,B2,False
keyboard_acoustic_015-055-100,55,G3,155.29590169106595,D#3,False
keyboard_acoustic_014-055-100,55,G3,87.31705844884873,F2,False
keyboard_acoustic_015-054-075,54,F#3,185.25451610324473,F#3,True
keyboard_acoustic_006-050-050,50,D3,147.2959812505068,D3,True
keyboard_acoustic_015-051-127,51,D#3,165.0220794711518,E3,False
keyboard_acoustic_014-049-100,49,C#3,103.78771891660948,G#2,False
keyboard_acoustic_020-048-127,48,C3,134.5103976265484,C3,True
keyboard_acoustic_003-046-050,46,A#2,104.21870165861793,G#2,False
keyboard_acoustic_018-044-025,44,G#2,123.59705394578594,B2,False
keyboard_acoustic_001-049-025,49,C#3,343.7864858248318,F4,False
keyboard_acoustic_012-051-075,51,D#3,164.68671304678134,E3,False
keyboard_acoustic_011-055-050,55,G3,155.40799803123397,D#3,False
keyboard_acoustic_019-054-050,54,F#3,65.51992335048095,C2,False
keyboard_acoustic_020-045-127,45,A2,123.18248530916338,B2,False
keyboard_acoustic_000-054-025,54,F#3,139.25701631478609,C#3,False
keyboard_acoustic_000-053-100,53,F3,110.37299536387329,A2,False
keyboard_acoustic_000-045-075,45,A2,196.5916173578301,G3,False
keyboard_acoustic_012-056-075,56,G#3,155.58870155673443,D#3,False
keyboard_acoustic_001-053-050,53,F3,175.10902355275005,F3,True
keyboard_acoustic_016-049-050,49,C#3,116.45127284031969,A#2,False
keyboard_acoustic_014-047-025,47,B2,207.90442963227395,G#3,False
keyboard_acoustic_002-050-050,50,D3,138.36417684524508,C#3,False
keyboard_acoustic_007-047-075,47,B2,147.13939425182537,D3,False
keyboard_acoustic_013-051-127,51,D#3,207.91943349419344,G#3,False
keyboard_acoustic_003-052-127,52,E3,165.06698575989833,E3,True
keyboard_acoustic_019-052-075,52,E3,116.75359134332288,A#2,False
keyboard_acoustic_007-056-050,56,G#3,146.91711625978377,D3,False
keyboard_acoustic_005-046-050,46,A#2,175.05643838853842,F3,False
keyboard_acoustic_018-051-025,51,D#3,196.162903602225,G3,False
keyboard_acoustic_006-056-100,56,G#3,69.40473112688406,C#2,False
keyboard_acoustic_001-055-075,55,G3,110.05679591589902,A2,False
keyboard_acoustic_014-048-127,48,C3,116.72713053551085,A#2,False
keyboard_acoustic_001-050-075,50,D3,208.03157206275128,G#3,False
keyboard_acoustic_008-045-075,45,A2,147.13481268350114,D3,False
keyboard_acoustic_010-055-100,55,G3,103.67968876887463,G#2,False
keyboard_acoustic_003-053-025,53,F3,116.87021089574188,A#2,False
keyboard_acoustic_017-047-025,47,B2,185.0905794006041,F#3,False
keyboard_acoustic_018-047-100,47,B2,165.21157590560824,E3,False
keyboard_acoustic_002-048-100,48,C3,208.59804322395826,G#3,False
keyboard_acoustic_015-049-075,49,C#3,155.6202405980793,D#3,False
keyboard_acoustic_018-055-100,55,G3,155.3063819195135,D#3,False
keyboard_acoustic_010-049-100,49,C#3,197.19868221600655,G3,False
keyboard_acoustic_007-055-050,55,G3,110.24666177754328,A2,False
keyboard_acoustic_018-050-100,50,D3,139.07871414138953,C#3,False
keyboard_acoustic_006-052-050,52,E3,123.5753002627208,B2,False
keyboard_acoustic_013-051-050,51,D#3,65.39523194807049,C2,False
keyboard_acoustic_000-052-100,52,E3,155.58404990767377,D#3,False
keyboard_acoustic_019-055-075,55,G3,123.64460853457187,B2,False
keyboard_acoustic_019-052-100,52,E3,130.70959458453376,C3,False
keyboard_acoustic_016-053-127,53,F3,103.55854065353947,G#2,False
keyboard_acoustic_000-051-050,51,D#3,184.5973354090521,F#3,False
keyboard_acoustic_019-044-050,44,G#2,164.6309293509142,E3,False
keyboard_acoustic_017-048-127,48,C3,123.72518559774284,B2,False
keyboard_acoustic_001-055-100,55,G3,174.74786686908817,F3,False
keyboard_acoustic_009-046-025,46,A#2,196.09795892488677,G3,False
keyboard_acoustic_008-055-025,55,G3,131.33090192799332,C3,False
keyboard_acoustic_000-044-075,44,G#2,116.69913418205647,A#2,False
keyboard_acoustic_017-050-127,50,D3,147.18561359424598,D3,True
keyboard_acoustic_017-054-075,54,F#3,109.91375453435813,A2,False
keyboard_acoustic_011-045-127,45,A2,207.81497079371508,G#3,False
keyboard_acoustic_018-053-025,53,F3,196.5916173578301,G3,False
keyboard_acoustic_015-056-127,56,G#3,175.2834470438125,F3,False
keyboard_acoustic_001-046-025,46,A#2,110.3739008522338,A2,False
keyboard_acoustic_005-055-075,55,G3,138.79901639200094,C#3,False
keyboard_acoustic_006-052-127,52,E3,123.75180534689031,B2,False
keyboard_acoustic_005-048-050,48,C3,165.20313054108559,E3,False
keyboard_acoustic_009-053-100,53,F3,130.90176222519725,C3,False
keyboard_acoustic_002-045-100,45,A2,103.69350308710266,G#2,False
keyboard_acoustic_014-052-075,52,E3,185.004011627642,F#3,False
keyboard_acoustic_000-051-075,51,D#3,123.59152633349476,B2,False
keyboard_acoustic_001-044-075,44,G#2,185.3865183493422,F#3,False
keyboard_acoustic_005-047-127,47,B2,147.86660048779657,D3,False
keyboard_acoustic_012-048-100,48,C3,154.98929257041215,D#3,False
keyboard_acoustic_008-049-050,49,C#3,103.73993967592384,G#2,False
keyboard_acoustic_003-044-127,44,G#2,116.79143235679123,A#2,False
keyboard_acoustic_017-048-075,48,C3,196.06949939678069,G3,False
keyboard_acoustic_007-044-127,44,G#2,52.057676893274405,G#1,False
keyboard_acoustic_005-050-100,50,D3,123.57769799558109,B2,False
keyboard_acoustic_002-053-025,53,F3,109.91182709489823,A2,False
keyboard_acoustic_014-044-100,44,G#2,138.48008527526477,C#3,False
keyboard_acoustic_012-054-075,54,F#3,116.68949844663719,A#2,False
keyboard_acoustic_001-050-100,50,D3,104.32604385848757,G#2,False
keyboard_acoustic_016-052-100,52,E3,65.27462768416109,C2,False
keyboard_acoustic_007-056-127,56,G#3,207.99136612073698,G#3,True
keyboard_acoustic_005-044-100,44,G#2,138.66285151134923,C#3,False
keyboard_acoustic_018-054-127,54,F#3,147.07317588510017,D3,False
keyboard_acoustic_019-049-050,49,C#3,185.66633466151288,F#3,False
keyboard_acoustic_006-056-075,56,G#3,146.61197528971206,D3,False
keyboard_acoustic_009-054-075,54,F#3,109.91532106770742,A2,False
keyboard_acoustic_015-049-025,49,C#3,116.92050166297433,A#2,False
keyboard_acoustic_005-049-075,49,C#3,207.98293497747235,G#3,False
keyboard_acoustic_002-052-127,52,E3,138.18023846606135,C#3,False
keyboard_acoustic_017-044-075,44,G#2,178.85223703401573,F3,False
keyboard_acoustic_009-046-075,46,A#2,156.06563840146987,D#3,False
keyboard_acoustic_016-045-050,45,A2,196.47564339905762,G3,False
keyboard_acoustic_009-052-127,52,E3,123.7311327769095,B2,False
keyboard_acoustic_003-054-127,54,F#3,109.82862560872826,A2,False
keyboard_acoustic_006-049-100,49,C#3,138.5998078203887,C#3,True
keyboard_acoustic_016-044-100,44,G#2,164.71209182941487,E3,False
keyboard_acoustic_013-047-127,47,B2,116.80005399236487,A#2,False
keyboard_acoustic_008-044-050,44,G#2,131.31743162596456,C3,False
keyboard_acoustic_003-053-100,53,F3,165.59185223503655,E3,False
keyboard_acoustic_014-051-025,51,D#3,500.0,B4,False
keyboard_acoustic_017-047-100,47,B2,92.29710105511961,F#2,False
keyboard_acoustic_018-053-100,53,F3,103.73246484871251,G#2,False
keyboard_acoustic_003-052-025,52,E3,185.1731063824056,F#3,False
keyboard_acoustic_019-044-127,44,G#2,123.07306529460098,B2,False
keyboard_acoustic_015-054-100,54,F#3,155.54673129159903,D#3,False
keyboard_acoustic_017-056-050,56,G#3,81.94206327564578,E2,False
keyboard_acoustic_006-053-075,53,F3,131.01504058328342,C3,False
keyboard_acoustic_003-048-050,48,C3,103.9151070309072,G#2,False
keyboard_acoustic_005-044-025,44,G#2,185.06958057212418,F#3,False
keyboard_acoustic_000-049-025,49,C#3,207.88248561772008,G#3,False
keyboard_acoustic_015-051-050,51,D#3,165.52645923116938,E3,False
keyboard_acoustic_010-052-100,52,E3,147.07653635060092,D3,False
keyboard_acoustic_020-049-127,49,C#3,116.6230657707896,A#2,False
keyboard_acoustic_002-056-127,56,G#3,246.5236156199223,B3,False
keyboard_acoustic_013-049-127,49,C#3,110.2246659813917,A2,False
keyboard_acoustic_011-054-100,54,F#3,138.55428986075367,C#3,False
keyboard_acoustic_016-047-075,47,B2,110.18659109814202,A2,False
keyboard_acoustic_019-056-050,56,G#3,196.18389966663818,G3,False
keyboard_acoustic_016-048-100,48,C3,156.03794156678532,D#3,False
keyboard_acoustic_009-048-050,48,C3,196.37068039028955,G3,False
keyboard_acoustic_000-047-050,47,B2,131.12531335971622,C3,False
keyboard_acoustic_018-048-127,48,C3,138.59529714668275,C#3,False
keyboard_acoustic_011-055-025,55,G3,110.3441574881499,A2,False
keyboard_acoustic_003-051-075,51,D#3,174.57900467582903,F3,False
keyboard_acoustic_005-045-100,45,A2,150.83560276367132,D3,False
keyboard_acoustic_020-055-127,55,G3,109.1052558438623,A2,False
keyboard_acoustic_002-045-075,45,A2,123.54388422677647,B2,False
keyboard_acoustic_019-047-075,47,B2,165.396884239987,E3,False
keyboard_acoustic_011-051-025,51,D#3,92.29710105511961,F#2,False
keyboard_acoustic_016-054-127,54,F#3,147.20325601281695,D3,False
keyboard_acoustic_013-056-075,56,G#3,131.50314682998143,C3,False
keyboard_acoustic_017-051-050,51,D#3,155.48454367938524,D#3,True
keyboard_acoustic_010-052-075,52,E3,123.80564811441155,B2,False
keyboard_acoustic_007-046-050,46,A#2,174.92849886410318,F3,False
keyboard_acoustic_007-046-025,46,A#2,155.96428558924393,D#3,False
keyboard_acoustic_016-049-025,49,C#3,109.6432664936499,A2,False
keyboard_acoustic_012-052-025,52,E3,138.49368949589524,C#3,False
keyboard_acoustic_003-047-127,47,B2,196.38510807806875,G3,False
keyboard_acoustic_012-055-100,55,G3,174.72117068904328,F3,False
keyboard_acoustic_008-051-075,51,D#3,146.62902888222203,D3,False
keyboard_acoustic_003-045-025,45,A2,110.12609063451036,A2,True
keyboard_acoustic_006-051-075,51,D#3,500.0,B4,False
keyboard_acoustic_018-049-100,49,C#3,196.31168139800488,G3,False
keyboard_acoustic_016-050-075,50,D3,116.80396337167605,A#2,False
keyboard_acoustic_005-050-025,50,D3,104.03064702387701,G#2,False
keyboard_acoustic_014-051-050,51,D#3,131.1974150472185,C3,False
keyboard_acoustic_017-056-075,56,G#3,165.14293928685845,E3,False
keyboard_acoustic_001-047-075,47,B2,146.88496354012682,D3,False
keyboard_acoustic_009-044-100,44,G#2,185.39124090678496,F#3,False
keyboard_acoustic_016-055-025,55,G3,185.09921228689592,F#3,False
keyboard_acoustic_006-045-127,45,A2,103.74253551395078,G#2,False
keyboard_acoustic_001-054-127,54,F#3,174.70042885594236,F3,False
keyboard_acoustic_006-048-050,48,C3,156.26536653279666,D#3,False
keyboard_acoustic_014-049-075,49,C#3,123.82880989383051,B2,False
keyboard_acoustic_013-050-025,50,D3,123.5740455686842,B2,False
keyboard_acoustic_013-046-050,46,A#2,51.974566224506916,G#1,False
keyboard_acoustic_005-049-025,49,C#3,164.88932422626874,E3,False
keyboard_acoustic_007-051-075,51,D#3,116.29407844107884,A#2,False
keyboard_acoustic_012-056-127,56,G#3,155.62281735646735,D#3,False
keyboard_acoustic_010-050-050,50,D3,164.8108534647218,E3,False
keyboard_acoustic_009-055-025,55,G3,138.9996326288632,C#3,False
keyboard_acoustic_001-045-050,45,A2,191.47546778586218,G3,False
keyboard_acoustic_007-054-075,54,F#3,185.26263020575362,F#3,True
keyboard_acoustic_010-046-025,46,A#2,153.2756826686456,D#3,False
keyboard_acoustic_009-056-075,56,G#3,104.1544536842149,G#2,False
keyboard_acoustic_013-046-075,46,A#2,65.28569132898548,C2,False
keyboard_acoustic_007-047-100,47,B2,116.27237750831976,A#2,False
keyboard_acoustic_000-051-127,51,D#3,165.35324070832183,E3,False
keyboard_acoustic_006-053-100,53,F3,207.90336907798047,G#3,False
keyboard_acoustic_008-047-075,47,B2,146.6148466844631,D3,False
keyboard_acoustic_013-049-100,49,C#3,174.03060766394537,F3,False
keyboard_acoustic_019-049-075,49,C#3,154.98929257041215,D#3,False
keyboard_acoustic_018-047-050,47,B2,196.1869794639286,G3,False
keyboard_acoustic_019-053-050,53,F3,110.04982972152202,A2,False
keyboard_acoustic_010-047-100,47,B2,293.64669319807274,D4,False
keyboard_acoustic_001-051-050,51,D#3,138.84754530021615,C#3,False
keyboard_acoustic_001-054-050,54,F#3,155.76741193097854,D#3,False
keyboard_acoustic_011-049-127,49,C#3,196.45527095856022,G3,False
keyboard_acoustic_002-056-050,56,G#3,110.18371333702689,A2,False
keyboard_acoustic_013-055-100,55,G3,146.68847436801337,D3,False
keyboard_acoustic_013-048-025,48,C3,207.37204619692824,G#3,False
keyboard_acoustic_013-050-075,50,D3,116.3421657135143,A#2,False
keyboard_acoustic_017-054-100,54,F#3,110.3473441023145,A2,False
keyboard_acoustic_002-048-025,48,C3,142.85424258763976,D3,False
keyboard_acoustic_016-047-100,47,B2,500.0,B4,False
keyboard_acoustic_009-050-075,50,D3,174.4885921735936,F3,False
keyboard_acoustic_016-053-025,53,F3,123.83107604608986,B2,False
keyboard_acoustic_001-045-075,45,A2,138.70447624294962,C#3,False
keyboard_acoustic_003-050-075,50,D3,110.3371680526492,A2,False
keyboard_acoustic_017-051-127,51,D#3,196.35808241269996,G3,False
keyboard_acoustic_001-048-075,48,C3,156.40621691381997,D#3,False
keyboard_acoustic_014-056-127,56,G#3,130.64069629046452,C3,False
keyboard_acoustic_003-046-075,46,A#2,123.4709996043683,B2,False
keyboard_acoustic_000-052-075,52,E3,165.21789148502927,E3,True
keyboard_acoustic_014-046-075,46,A#2,185.19640071989113,F#3,False
keyboard_acoustic_015-053-025,53,F3,131.14439468365188,C3,False
keyboard_acoustic_018-055-075,55,G3,103.99068682219766,G#2,False
keyboard_acoustic_001-051-127,51,D#3,165.4378728146192,E3,False
keyboard_acoustic_016-045-075,45,A2,185.28046730132587,F#3,False
keyboard_acoustic_016-044-025,44,G#2,104.06445610226814,G#2,True
keyboard_acoustic_016-047-127,47,B2,130.94138981956428,C3,False
keyboard_acoustic_003-044-075,44,G#2,123.69877496222787,B2,False
keyboard_acoustic_001-054-075,54,F#3,155.79264623961592,D#3,False
keyboard_acoustic_011-056-025,56,G#3,164.77994603651757,E3,False
keyboard_acoustic_011-050-127,50,D3,123.67033244316744,B2,False
keyboard_acoustic_005-053-127,53,F3,138.8506284249048,C#3,False
keyboard_acoustic_010-045-025,45,A2,110.04283741386905,A2,True
keyboard_acoustic_006-054-127,54,F#3,174.03614711934793,F3,False
keyboard_acoustic_001-048-050,48,C3,196.1123908122422,G3,False
keyboard_acoustic_012-050-050,50,D3,174.7570857867351,F3,False
keyboard_acoustic_019-048-050,48,C3,207.8488817549922,G#3,False
keyboard_acoustic_012-054-127,54,F#3,185.17927919016412,F#3,True
keyboard_acoustic_001-047-100,47,B2,146.75813512755366,D3,False
keyboard_acoustic_010-048-075,48,C3,116.16745575484107,A#2,False
keyboard_acoustic_005-054-075,54,F#3,131.18481055100256,C3,False
keyboard_acoustic_009-045-050,45,A2,104.05561478704578,G#2,False
keyboard_acoustic_019-045-100,45,A2,155.89536168922834,D#3,False
keyboard_acoustic_006-048-100,48,C3,196.49069257968384,G3,False
keyboard_acoustic_005-056-025,56,G#3,174.8652779719273,F3,False
keyboard_acoustic_008-048-025,48,C3,110.36679117295812,A2,False
keyboard_acoustic_006-048-127,48,C3,138.92709422033,C#3,False
keyboard_acoustic_002-052-075,52,E3,116.81274241497422,A#2,False
keyboard_acoustic_010-051-025,51,D#3,147.4203253142135,D3,False
keyboard_acoustic_010-046-127,46,A#2,164.87767222506972,E3,False
keyboard_acoustic_018-051-050,51,D#3,208.1885415679931,G#3,False
keyboard_acoustic_019-054-075,54,F#3,109.91375592171312,A2,False
keyboard_acoustic_005-046-100,46,A#2,196.09793994657616,G3,False
keyboard_acoustic_006-045-100,45,A2,164.6309293509142,E3,False
keyboard_acoustic_006-049-025,49,C#3,184.79967682881323,F#3,False
keyboard_acoustic_002-056-075,56,G#3,103.59054225036226,G#2,False
keyboard_acoustic_016-050-050,50,D3,130.69904149476315,C3,False
keyboard_acoustic_005-055-050,55,G3,123.61537308233935,B2,False
keyboard_acoustic_014-049-050,49,C#3,185.463632900215,F#3,False
keyboard_acoustic_015-052-025,52,E3,103.84893402733505,G#2,False
keyboard_acoustic_007-045-075,45,A2,155.40509428197066,D#3,False
keyboard_acoustic_010-056-100,56,G#3,155.34881118839792,D#3,False
keyboard_acoustic_007-051-050,51,D#3,174.86715870540593,F3,False
keyboard_acoustic_015-055-127,55,G3,123.46616295115204,B2,False
keyboard_acoustic_011-044-075,44,G#2,103.93618456197183,G#2,True
keyboard_acoustic_011-049-075,49,C#3,131.06197894541742,C3,False
keyboard_acoustic_012-049-050,49,C#3,155.6594844040959,D#3,False
keyboard_acoustic_006-053-127,53,F3,146.18308906331532,D3,False
keyboard_acoustic_000-056-025,56,G#3,185.22149025282067,F#3,False
keyboard_acoustic_014-052-050,52,E3,164.80440586028357,E3,True
keyboard_acoustic_018-047-075,47,B2,146.88275912491383,D3,False
keyboard_acoustic_010-055-025,55,G3,123.22322012846934,B2,False
keyboard_acoustic_001-052-025,52,E3,208.02884823139235,G#3,False
keyboard_acoustic_010-044-025,44,G#2,116.7265901188767,A#2,False
keyboard_acoustic_013-055-127,55,G3,174.7285282921752,F3,False
keyboard_acoustic_000-053-127,53,F3,110.17040971450615,A2,False
keyboard_acoustic_012-051-050,51,D#3,134.21334527736383,C3,False
keyboard_acoustic_006-053-050,53,F3,69.4067246335793,C#2,False
keyboard_acoustic_015-054-127,54,F#3,131.00722680228318,C3,False
keyboard_acoustic_002-050-075,50,D3,196.52935327588602,G3,False
keyboard_acoustic_007-047-050,47,B2,202.94581455100618,G#3,False
keyboard_acoustic_020-047-127,47,B2,175.00274490431383,F3,False
keyboard_acoustic_014-053-025,53,F3,185.28395082732,F#3,False
keyboard_acoustic_003-048-025,48,C3,138.38764474903422,C#3,False
keyboard_acoustic_019-052-050,52,E3,147.58457050569345,D3,False
keyboard_acoustic_011-049-100,49,C#3,208.1885415679931,G#3,False
keyboard_acoustic_001-051-100,51,D#3,130.9401358066538,C3,False
keyboard_acoustic_019-051-075,51,D#3,104.18632307810833,G#2,False
keyboard_acoustic_019-051-127,51,D#3,116.80720698737758,A#2,False
keyboard_acoustic_008-050-100,50,D3,138.85749182738468,C#3,False
keyboard_acoustic_003-052-100,52,E3,110.27765167014721,A2,False
keyboard_acoustic_000-052-050,52,E3,207.9044184382435,G#3,False
keyboard_acoustic_003-056-050,56,G#3,196.29986358762972,G3,False
keyboard_acoustic_014-046-050,46,A#2,116.45127139793772,A#2,True
keyboard_acoustic_013-051-100,51,D#3,174.95649138701205,F3,False
keyboard_acoustic_017-055-025,55,G3,123.06243759453821,B2,False
keyboard_acoustic_003-044-100,44,G#2,104.08066163549647,G#2,True
keyboard_acoustic_010-047-025,47,B2,155.4080009456286,D#3,False
keyboard_acoustic_006-056-127,56,G#3,146.56456550771193,D3,False
keyboard_acoustic_016-046-025,46,A#2,185.58449396416444,F#3,False
keyboard_acoustic_011-054-025,54,F#3,164.78306903443558,E3,False
keyboard_acoustic_018-050-127,50,D3,500.0,B4,False
keyboard_acoustic_012-044-050,44,G#2,104.21599738079144,G#2,True
keyboard_acoustic_001-047-127,47,B2,134.81434680199453,C#3,False
keyboard_acoustic_007-055-075,55,G3,185.1506583240935,F#3,False
keyboard_acoustic_019-052-127,52,E3,208.26858525685248,G#3,False
keyboard_acoustic_016-053-100,53,F3,164.54304163557458,E3,False
keyboard_acoustic_015-049-050,49,C#3,131.10416547136222,C3,False
keyboard_acoustic_019-054-100,54,F#3,103.88679001707902,G#2,False
keyboard_acoustic_019-044-025,44,G#2,116.66254003619721,A#2,False
keyboard_acoustic_010-053-025,53,F3,138.9366785709638,C#3,False
keyboard_acoustic_005-054-050,54,F#3,110.18807113043373,A2,False
keyboard_acoustic_014-049-127,49,C#3,123.44175771799581,B2,False
keyboard_acoustic_018-052-025,52,E3,196.46480500457335,G3,False
keyboard_acoustic_009-044-025,44,G#2,155.47154275559805,D#3,False
keyboard_acoustic_013-051-075,51,D#3,165.1305252024852,E3,False
keyboard_acoustic_017-053-100,53,F3,110.02869215733517,A2,False
keyboard_acoustic_019-044-075,44,G#2,138.84075033394402,C#3,False
keyboard_acoustic_000-050-025,50,D3,196.27471850832788,G3,False
keyboard_acoustic_011-049-050,49,C#3,175.17942596336732,F3,False
keyboard_acoustic_001-055-127,55,G3,174.70748619924518,F3,False
keyboard_acoustic_005-046-025,46,A#2,147.11664724102855,D3,False
keyboard_acoustic_001-047-050,47,B2,207.81856314267816,G#3,False
keyboard_acoustic_010-053-050,53,F3,116.60167278198895,A#2,False
keyboard_acoustic_000-044-050,44,G#2,103.84535796336712,G#2,True
keyboard_acoustic_007-052-025,52,E3,130.90593717920564,C3,False
keyboard_acoustic_013-046-127,46,A#2,116.82241203519706,A#2,True
keyboard_acoustic_003-055-025,55,G3,185.30584465940677,F#3,False
keyboard_acoustic_007-046-075,46,A#2,208.44293950749224,G#3,False
keyboard_acoustic_007-044-050,44,G#2,123.73726269234614,B2,False
keyboard_acoustic_008-047-050,47,B2,155.78671628143385,D#3,False
keyboard_acoustic_018-044-100,44,G#2,130.74944736693192,C3,False
keyboard_acoustic_001-055-050,55,G3,196.43865404131492,G3,True
keyboard_acoustic_012-053-050,53,F3,110.26636071272445,A2,False
keyboard_acoustic_016-048-075,48,C3,69.4067246335793,C#2,False
keyboard_acoustic_009-053-050,53,F3,123.58487609652784,B2,False
keyboard_acoustic_009-048-025,48,C3,196.02455609194428,G3,False
keyboard_acoustic_003-047-075,47,B2,138.68848942031917,C#3,False
keyboard_acoustic_002-049-075,49,C#3,109.90440262921436,A2,False
keyboard_acoustic_014-050-100,50,D3,174.6750901053655,F3,False
keyboard_acoustic_002-044-025,44,G#2,146.1830803370051,D3,False
keyboard_acoustic_017-046-075,46,A#2,110.23386622512342,A2,False
keyboard_acoustic_014-045-127,45,A2,196.31617975472045,G3,False
keyboard_acoustic_015-048-025,48,C3,155.86797342650226,D#3,False
keyboard_acoustic_010-048-127,48,C3,116.72647595909245,A#2,False
keyboard_acoustic_013-047-025,47,B2,208.2514610179757,G#3,False
keyboard_acoustic_009-049-100,49,C#3,174.33081007242865,F3,False
keyboard_acoustic_014-054-075,54,F#3,103.70013028607248,G#2,False
keyboard_acoustic_018-055-050,55,G3,131.10993248781318,C3,False
keyboard_acoustic_003-050-127,50,D3,116.68346066901526,A#2,False
keyboard_acoustic_012-056-100,56,G#3,147.00373314318918,D3,False
keyboard_acoustic_007-053-127,53,F3,185.36551624755737,F#3,False
keyboard_acoustic_018-056-050,56,G#3,208.08706413516552,G#3,True
keyboard_acoustic_013-054-100,54,F#3,97.89405258301778,G2,False
keyboard_acoustic_012-052-050,52,E3,175.19052265926427,F3,False
keyboard_acoustic_001-046-100,46,A#2,139.13411094744419,C#3,False
keyboard_acoustic_016-046-127,46,A#2,123.6134281529507,B2,False
keyboard_acoustic_011-050-075,50,D3,127.00159158937073,B2,False
keyboard_acoustic_012-047-127,47,B2,98.48614301517007,G2,False
keyboard_acoustic_000-056-075,56,G#3,155.37024767945167,D#3,False
keyboard_acoustic_017-045-075,45,A2,166.40704866472936,E3,False
keyboard_acoustic_005-047-075,47,B2,130.62343810483443,C3,False
keyboard_acoustic_012-046-050,46,A#2,104.02413932383918,G#2,False
keyboard_acoustic_001-056-050,56,G#3,232.640110344915,A#3,False
keyboard_acoustic_002-047-050,47,B2,123.53237331996029,B2,True
keyboard_acoustic_009-050-025,50,D3,155.78435655994537,D#3,False
keyboard_acoustic_019-056-100,56,G#3,175.3851340313444,F3,False
keyboard_acoustic_005-045-025,45,A2,185.3704144610663,F#3,False
keyboard_acoustic_019-049-025,49,C#3,147.35508249804857,D3,False
keyboard_acoustic_017-053-050,53,F3,131.039836330958,C3,False
keyboard_acoustic_006-050-075,50,D3,103.99006593254776,G#2,False
keyboard_acoustic_017-050-050,50,D3,147.0460624169997,D3,True
keyboard_acoustic_013-055-025,55,G3,116.14145483476116,A#2,False
keyboard_acoustic_010-049-025,49,C#3,196.12842672594334,G3,False
keyboard_acoustic_011-045-050,45,A2,207.6500911696599,G#3,False
keyboard_acoustic_014-051-100,51,D#3,110.12588795524422,A2,False
keyboard_acoustic_003-054-050,54,F#3,196.30316017919404,G3,False
keyboard_acoustic_019-055-050,55,G3,138.7427261588927,C#3,False
keyboard_acoustic_001-052-050,52,E3,110.07650021243762,A2,False
keyboard_acoustic_010-051-100,51,D#3,87.32152300361042,F2,False
keyboard_acoustic_010-045-050,45,A2,146.52207703700498,D3,False
keyboard_acoustic_008-051-100,51,D#3,139.30880239962954,C#3,False
keyboard_acoustic_002-046-127,46,A#2,97.89405258301778,G2,False
keyboard_acoustic_001-049-127,49,C#3,155.86123455952907,D#3,False
keyboard_acoustic_014-047-127,47,B2,174.98504009420924,F3,False
keyboard_acoustic_019-047-025,47,B2,146.91698210992178,D3,False
keyboard_acoustic_008-047-127,47,B2,208.210430747498,G#3,False
keyboard_acoustic_017-054-050,54,F#3,165.5276369620429,E3,False
keyboard_acoustic_011-051-127,51,D#3,116.75344913366001,A#2,False
keyboard_acoustic_019-053-025,53,F3,164.61246662580385,E3,False
keyboard_acoustic_016-051-025,51,D#3,130.81961325941484,C3,False
keyboard_acoustic_009-050-127,50,D3,104.19874382973094,G#2,False
keyboard_acoustic_017-050-100,50,D3,185.30890245218848,F#3,False
keyboard_acoustic_010-055-050,55,G3,138.7642471288858,C#3,False
keyboard_acoustic_008-050-127,50,D3,116.5068436834057,A#2,False
keyboard_acoustic_005-052-075,52,E3,82.17686492487701,E2,False
keyboard_acoustic_006-044-100,44,G#2,207.87069745622557,G#3,False
keyboard_acoustic_013-053-075,53,F3,160.04595938665835,D#3,False
keyboard_acoustic_013-052-025,52,E3,138.96570758100458,C#3,False
keyboard_acoustic_019-045-025,45,A2,110.38327225216602,A2,True
keyboard_acoustic_018-044-075,44,G#2,198.55691930634396,G3,False
keyboard_acoustic_019-046-075,46,A#2,155.6451176247684,D#3,False
keyboard_acoustic_000-046-025,46,A#2,77.66752781579827,D#2,False
keyboard_acoustic_012-045-127,45,A2,185.3195155395642,F#3,False
keyboard_acoustic_018-053-075,53,F3,208.28191943746222,G#3,False
keyboard_acoustic_010-046-100,46,A#2,164.88995853267016,E3,False
keyboard_acoustic_000-054-100,54,F#3,130.9026502734103,C3,False
keyboard_acoustic_017-054-127,54,F#3,104.2182955228393,G#2,False
keyboard_acoustic_014-051-075,51,D#3,116.87888715085813,A#2,False
keyboard_acoustic_008-055-127,55,G3,146.8569552444608,D3,False
keyboard_acoustic_018-051-075,51,D#3,103.58951033154942,G#2,False
keyboard_acoustic_013-047-075,47,B2,110.12164904050681,A2,False
keyboard_acoustic_010-049-050,49,C#3,138.86941968728848,C#3,True
keyboard_acoustic_017-047-075,47,B2,196.07687778771606,G3,False
keyboard_acoustic_019-053-100,53,F3,174.83176830543752,F3,True
keyboard_acoustic_003-053-075,53,F3,146.79825775615274,D3,False
keyboard_acoustic_017-050-025,50,D3,138.81628215795934,C#3,False
keyboard_acoustic_006-052-025,52,E3,110.12985399835462,A2,False
keyboard_acoustic_006-047-127,47,B2,123.5712318138067,B2,True
keyboard_acoustic_016-056-075,56,G#3,196.41058617535248,G3,False
keyboard_acoustic_000-045-127,45,A2,174.91624651291397,F3,False
keyboard_acoustic_002-050-025,50,D3,109.97126447380286,A2,False
keyboard_acoustic_007-052-127,52,E3,185.22214091885235,F#3,False
keyboard_acoustic_010-048-050,48,C3,146.18308512020008,D3,False
keyboard_acoustic_013-049-050,49,C#3,207.8209234370978,G#3,False
keyboard_acoustic_006-048-075,48,C3,131.05590443241363,C3,True
keyboard_acoustic_009-056-050,56,G#3,196.03254036299305,G3,False
keyboard_acoustic_007-047-127,47,B2,103.9361857800022,G#2,False
keyboard_acoustic_005-052-025,52,E3,116.24836277321661,A#2,False
keyboard_acoustic_000-051-100,51,D#3,174.7285290021435,F3,False
keyboard_acoustic_008-055-050,55,G3,123.22322012846934,B2,False
keyboard_acoustic_005-052-100,52,E3,189.84017319011443,F#3,False
keyboard_acoustic_008-053-100,53,F3,107.06384950593221,A2,False
keyboard_acoustic_011-047-127,47,B2,130.8528490534753,C3,False
keyboard_acoustic_019-053-075,53,F3,123.35649643325945,B2,False
keyboard_acoustic_010-047-127,47,B2,130.94900959269336,C3,False
keyboard_acoustic_006-044-050,44,G#2,155.78843646959734,D#3,False
keyboard_acoustic_000-044-025,44,G#2,104.19490312262192,G#2,True
keyboard_acoustic_015-056-075,56,G#3,130.9401358066538,C3,False
keyboard_acoustic_008-046-100,46,A#2,147.92489437140347,D3,False
keyboard_acoustic_016-054-025,54,F#3,185.29883167078248,F#3,True
keyboard_acoustic_006-055-100,55,G3,164.97868698071898,E3,False
keyboard_acoustic_007-052-050,52,E3,155.50195839959434,D#3,False
keyboard_acoustic_013-050-050,50,D3,174.98004880374793,F3,False
keyboard_acoustic_013-053-025,53,F3,98.48614301517007,G2,False
keyboard_acoustic_010-050-075,50,D3,185.4449910296927,F#3,False
keyboard_acoustic_014-056-100,56,G#3,139.13199467455894,C#3,False
keyboard_acoustic_000-055-050,55,G3,168.69516994377946,E3,False
keyboard_acoustic_006-051-025,51,D#3,146.96395149486926,D3,False
keyboard_acoustic_006-052-075,52,E3,104.37036514871363,G#2,False
keyboard_acoustic_003-045-050,45,A2,97.89405258301778,G2,False
keyboard_acoustic_016-054-050,54,F#3,174.74166545594997,F3,False
keyboard_acoustic_019-054-127,54,F#3,146.6794351927553,D3,False
keyboard_acoustic_012-055-075,55,G3,208.00457602533044,G#3,False
keyboard_acoustic_003-050-050,50,D3,116.62837345401802,A#2,False
keyboard_acoustic_001-053-127,53,F3,116.53228009655189,A#2,False
keyboard_acoustic_009-049-075,49,C#3,146.1830821727396,D3,False
keyboard_acoustic_007-045-025,45,A2,164.57473739162367,E3,False
keyboard_acoustic_011-050-100,50,D3,208.0904229259965,G#3,False
keyboard_acoustic_005-053-100,53,F3,138.59503778311515,C#3,False
keyboard_acoustic_007-056-075,56,G#3,207.47399953741575,G#3,True
keyboard_acoustic_009-045-100,45,A2,116.43241678948124,A#2,False
keyboard_acoustic_017-048-025,48,C3,155.4890761798677,D#3,False
keyboard_acoustic_002-050-127,50,D3,196.56568289963687,G3,False
keyboard_acoustic_014-052-100,52,E3,174.77380276554368,F3,False
keyboard_acoustic_007-050-050,50,D3,110.19339883351816,A2,False
keyboard_acoustic_014-048-025,48,C3,138.9036581108499,C#3,False
keyboard_acoustic_006-054-100,54,F#3,126.97630877221447,B2,False
keyboard_acoustic_002-053-050,53,F3,130.87337606931092,C3,False
keyboard_acoustic_012-050-075,50,D3,165.08084067528293,E3,False
keyboard_acoustic_019-048-127,48,C3,123.73726269234614,B2,False
keyboard_acoustic_014-055-050,55,G3,185.0665642027851,F#3,False
keyboard_acoustic_003-044-050,44,G#2,103.78475083951906,G#2,True
keyboard_acoustic_008-052-025,52,E3,130.76921020596234,C3,False
keyboard_acoustic_012-053-127,53,F3,147.21001755416017,D3,False
keyboard_acoustic_009-054-025,54,F#3,208.15704316220942,G#3,False
keyboard_acoustic_000-049-050,49,C#3,174.71258638128302,F3,False
keyboard_acoustic_012-054-100,54,F#3,116.79119891410292,A#2,False
keyboard_acoustic_011-054-050,54,F#3,69.40473112688406,C#2,False
keyboard_acoustic_017-054-025,54,F#3,110.42685010337773,A2,False
keyboard_acoustic_016-049-127,49,C#3,196.54329351638472,G3,False
keyboard_acoustic_006-049-075,49,C#3,155.78833950882537,D#3,False
keyboard_acoustic_008-046-025,46,A#2,175.16662924649788,F3,False
keyboard_acoustic_002-052-050,52,E3,123.28022204272534,B2,False
keyboard_acoustic_019-045-127,45,A2,156.17306028716337,D#3,False
keyboard_acoustic_013-045-100,45,A2,164.76165203636918,E3,False
keyboard_acoustic_001-050-025,50,D3,155.8722491554326,D#3,False
keyboard_acoustic_016-052-025,52,E3,131.1089718813549,C3,False
keyboard_acoustic_011-055-127,55,G3,103.74546715741319,G#2,False
keyboard_acoustic_001-045-025,45,A2,196.28724495954765,G3,False
keyboard_acoustic_011-055-075,55,G3,185.11903909944294,F#3,False
keyboard_acoustic_005-048-127,48,C3,110.3870637406817,A2,False
keyboard_acoustic_008-052-075,52,E3,185.3197074804731,F#3,False
keyboard_acoustic_014-054-100,54,F#3,147.03648103677864,D3,False
keyboard_acoustic_019-051-050,51,D#3,165.26174837139519,E3,False
keyboard_acoustic_006-053-025,53,F3,131.03965662403198,C3,False
keyboard_acoustic_014-047-050,47,B2,103.72412241260409,G#2,False
keyboard_acoustic_010-044-127,44,G#2,123.43372727832336,B2,False
keyboard_acoustic_009-055-127,55,G3,65.58674964350077,C2,False
keyboard_acoustic_016-050-025,50,D3,123.60190221222132,B2,False
keyboard_acoustic_005-044-075,44,G#2,155.76684793100407,D#3,False
keyboard_acoustic_009-045-075,45,A2,175.37682628659869,F3,False
keyboard_acoustic_013-052-050,52,E3,116.50362594731845,A#2,False
keyboard_acoustic_014-045-075,45,A2,196.1055411203521,G3,False
keyboard_acoustic_000-047-025,47,B2,207.94362979615642,G#3,False
keyboard_acoustic_002-054-075,54,F#3,138.79097571202016,C#3,False
keyboard_acoustic_012-052-127,52,E3,110.2006324196707,A2,False
keyboard_acoustic_012-045-050,45,A2,174.71772771936125,F3,False
keyboard_acoustic_013-044-127,44,G#2,147.13352145816117,D3,False
keyboard_acoustic_008-054-025,54,F#3,116.80720748512016,A#2,False
keyboard_acoustic_013-044-050,44,G#2,208.1885443137954,G#3,False
keyboard_acoustic_020-052-127,52,E3,138.5087986306202,C#3,False
keyboard_acoustic_000-055-127,55,G3,196.44985526185246,G3,True
keyboard_acoustic_009-051-075,51,D#3,175.14754758638918,F3,False
keyboard_acoustic_015-055-075,55,G3,110.31066592462784,A2,False
keyboard_acoustic_018-048-050,48,C3,69.40473112688406,C#2,False
keyboard_acoustic_003-049-050,49,C#3,123.5548544416695,B2,False
keyboard_acoustic_003-055-050,55,G3,146.7022574735462,D3,False
keyboard_acoustic_010-052-025,52,E3,104.25328504589191,G#2,False
keyboard_acoustic_011-046-100,46,A#2,131.17058061160427,C3,False
keyboard_acoustic_003-046-127,46,A#2,116.72986854194184,A#2,True
keyboard_acoustic_008-053-025,53,F3,147.27587369600394,D3,False
keyboard_acoustic_016-044-050,44,G#2,185.6062006761634,F#3,False
keyboard_acoustic_012-049-127,49,C#3,208.02929268836863,G#3,False
keyboard_acoustic_012-050-100,50,D3,165.1420242273425,E3,False
keyboard_acoustic_018-050-075,50,D3,155.78231439761745,D#3,False
keyboard_acoustic_014-050-075,50,D3,103.49209436730504,G#2,False
keyboard_acoustic_017-045-127,45,A2,184.72873568556605,F#3,False
keyboard_acoustic_000-044-100,44,G#2,123.47292877433537,B2,False
keyboard_acoustic_002-049-127,49,C#3,155.11783152511924,D#3,False
keyboard_acoustic_012-046-100,46,A#2,155.85939746445544,D#3,False
keyboard_acoustic_014-046-127,46,A#2,97.89405258301778,G2,False
keyboard_acoustic_001-047-025,47,B2,103.75025186263909,G#2,False
keyboard_acoustic_013-053-100,53,F3,185.20779223547018,F#3,False
keyboard_acoustic_011-053-100,53,F3,139.66951102743752,C#3,False
keyboard_acoustic_009-052-050,52,E3,123.60998124333557,B2,False
keyboard_acoustic_019-050-127,50,D3,103.61713167914415,G#2,False
keyboard_acoustic_009-047-100,47,B2,130.8431284814322,C3,False
keyboard_acoustic_014-049-025,49,C#3,116.738174095612,A#2,False
keyboard_acoustic_006-045-050,45,A2,185.08553923504144,F#3,False
keyboard_acoustic_011-052-075,52,E3,165.40109005816782,E3,True
keyboard_acoustic_019-048-025,48,C3,208.0758864103918,G#3,False
keyboard_acoustic_014-053-127,53,F3,147.38865291367858,D3,False
keyboard_acoustic_016-055-075,55,G3,138.57891944046622,C#3,False
keyboard_acoustic_002-055-075,55,G3,152.27526809316936,D#3,False
keyboard_acoustic_013-048-127,48,C3,116.65940737336558,A#2,False
keyboard_acoustic_000-050-127,50,D3,207.76407213637623,G#3,False
keyboard_acoustic_013-052-075,52,E3,196.02363875112349,G3,False
keyboard_acoustic_000-048-025,48,C3,138.26199087941208,C#3,False
keyboard_acoustic_010-053-127,53,F3,110.21500199294306,A2,False
keyboard_acoustic_009-051-100,51,D#3,207.87407900973477,G#3,False
keyboard_acoustic_013-046-025,46,A#2,82.17686492487701,E2,False
keyboard_acoustic_011-047-025,47,B2,174.86279678176817,F3,False
keyboard_acoustic_005-048-025,48,C3,116.50684163178425,A#2,False
keyboard_acoustic_008-045-100,45,A2,146.6809383206965,D3,False
keyboard_acoustic_008-044-025,44,G#2,116.09307792573193,A#2,False
keyboard_acoustic_009-053-025,53,F3,207.5095099239353,G#3,False
keyboard_acoustic_013-053-127,53,F3,103.84624529558073,G#2,False
keyboard_acoustic_009-056-025,56,G#3,196.08661522896222,G3,False
keyboard_acoustic_010-044-050,44,G#2,138.896942734672,C#3,False
keyboard_acoustic_017-052-100,52,E3,148.30660418694004,D3,False
keyboard_acoustic_009-055-050,55,G3,185.76731001191274,F#3,False
keyboard_acoustic_011-053-075,53,F3,109.90627830601085,A2,False
keyboard_acoustic_014-055-075,55,G3,174.13803679979867,F3,False
keyboard_acoustic_007-055-127,55,G3,164.6052750627352,E3,False
keyboard_acoustic_016-055-100,55,G3,123.59764171105812,B2,False
keyboard_acoustic_001-049-050,49,C#3,155.86912680247627,D#3,False
keyboard_acoustic_002-048-050,48,C3,165.39974244893534,E3,False
keyboard_acoustic_010-044-100,44,G#2,185.69053483923267,F#3,False
keyboard_acoustic_009-055-100,55,G3,147.07457217076234,D3,False
keyboard_acoustic_016-048-025,48,C3,65.28569132898548,C2,False
keyboard_acoustic_016-053-050,53,F3,104.27094923554318,G#2,False
keyboard_acoustic_000-054-127,54,F#3,164.98867576435592,E3,False
keyboard_acoustic_007-049-025,49,C#3,131.07279775825242,C3,False
keyboard_acoustic_018-054-025,54,F#3,103.95519947772993,G#2,False
keyboard_acoustic_018-044-127,44,G#2,185.06691682307442,F#3,False
keyboard_acoustic_006-055-025,55,G3,123.53237984946838,B2,False
keyboard_acoustic_016-049-100,49,C#3,130.74403048330385,C3,False
keyboard_acoustic_015-053-127,53,F3,123.82881316843002,B2,False
keyboard_acoustic_014-050-127,50,D3,155.77689468744637,D#3,False
keyboard_acoustic_005-050-075,50,D3,116.60928512690572,A#2,False
keyboard_acoustic_012-045-075,45,A2,207.72492436501375,G#3,False
keyboard_acoustic_012-046-075,46,A#2,138.7003389324408,C#3,False
keyboard_acoustic_002-049-050,49,C#3,109.83534375573086,A2,False
keyboard_acoustic_007-047-025,47,B2,174.62393452675025,F3,False
keyboard_acoustic_019-050-050,50,D3,196.53588709027073,G3,False
keyboard_acoustic_002-054-050,54,F#3,156.07046087877802,D#3,False
keyboard_acoustic_018-053-127,53,F3,206.93537092911208,G#3,False
keyboard_acoustic_009-053-075,53,F3,165.62369258313177,E3,False
keyboard_acoustic_012-053-075,53,F3,147.0493867394793,D3,False
keyboard_acoustic_009-049-127,49,C#3,116.79949093489996,A#2,False
keyboard_acoustic_014-054-050,54,F#3,69.18967385101854,C#2,False
keyboard_acoustic_018-048-075,48,C3,196.15908630222302,G3,False
keyboard_acoustic_012-048-025,48,C3,109.53323021230608,A2,False
keyboard_acoustic_013-044-075,44,G#2,147.52684589624974,D3,False
keyboard_acoustic_013-045-025,45,A2,175.04481902330934,F3,False
keyboard_acoustic_016-049-075,49,C#3,146.59280850797484,D3,False
keyboard_acoustic_012-047-100,47,B2,116.4488886638839,A#2,False
keyboard_acoustic_007-053-050,53,F3,207.8405362768483,G#3,False
keyboard_acoustic_013-054-127,54,F#3,155.3907299620049,D#3,False
keyboard_acoustic_002-051-050,51,D#3,116.64756414342952,A#2,False
keyboard_acoustic_008-045-025,45,A2,104.18134981887273,G#2,False
keyboard_acoustic_014-056-075,56,G#3,65.28569132898548,C2,False
keyboard_acoustic_019-056-127,56,G#3,165.40449618972255,E3,False
keyboard_acoustic_007-048-050,48,C3,207.84769731640324,G#3,False
keyboard_acoustic_016-053-075,53,F3,185.49341840905896,F#3,False
keyboard_acoustic_012-050-127,50,D3,155.98989527644167,D#3,False
keyboard_acoustic_003-053-127,53,F3,196.27334553280213,G3,False
keyboard_acoustic_017-047-127,47,B2,123.57425585198797,B2,True
keyboard_acoustic_007-054-050,54,F#3,110.36096887567166,A2,False
keyboard_acoustic_013-049-025,49,C#3,138.46471682518865,C#3,True
keyboard_acoustic_014-053-050,53,F3,123.55749294907972,B2,False
keyboard_acoustic_016-050-127,50,D3,161.15622566016742,E3,False
keyboard_acoustic_005-055-025,55,G3,130.90625364334323,C3,False
keyboard_acoustic_014-053-100,53,F3,156.03174981229142,D#3,False
keyboard_acoustic_009-046-127,46,A#2,165.14300391486387,E3,False
keyboard_acoustic_000-050-100,50,D3,123.54389172415264,B2,False
keyboard_acoustic_010-053-100,53,F3,109.1052558438623,A2,False
keyboard_acoustic_009-052-075,52,E3,130.50617119780554,C3,False
keyboard_acoustic_006-045-075,45,A2,104.0297599207139,G#2,False
keyboard_acoustic_005-051-075,51,D#3,185.02505205325093,F#3,False
keyboard_acoustic_019-047-050,47,B2,116.7966172187881,A#2,False
keyboard_acoustic_013-048-100,48,C3,196.09330086316643,G3,False
keyboard_acoustic_012-047-075,47,B2,131.89547191444763,C3,False
keyboard_acoustic_005-052-050,52,E3,353.70694144900597,F4,False
keyboard_acoustic_010-044-075,44,G#2,147.20341201205227,D3,False
keyboard_acoustic_017-052-127,52,E3,109.99040735872529,A2,False
keyboard_acoustic_009-055-075,55,G3,92.29710105511961,F#2,False
keyboard_acoustic_013-049-075,49,C#3,174.84064122586852,F3,False
keyboard_acoustic_016-045-100,45,A2,196.41915029980538,G3,False
keyboard_acoustic_015-054-025,54,F#3,123.81216031250077,B2,False
keyboard_acoustic_002-044-050,44,G#2,109.734383511589,A2,False
keyboard_acoustic_010-054-025,54,F#3,138.63511718959307,C#3,False
keyboard_acoustic_006-050-127,50,D3,155.90126049219404,D#3,False
keyboard_acoustic_009-050-100,50,D3,155.61962467453407,D#3,False
keyboard_acoustic_010-055-075,55,G3,165.21996981454384,E3,False
keyboard_acoustic_018-047-025,47,B2,185.12505518948936,F#3,False
keyboard_acoustic_000-046-050,46,A#2,104.00900292100457,G#2,False
keyboard_acoustic_001-049-075,49,C#3,130.89550548692065,C3,False
keyboard_acoustic_018-053-050,53,F3,185.32662531290782,F#3,False
keyboard_acoustic_013-053-050,53,F3,146.7505343436252,D3,False
keyboard_acoustic_011-053-050,53,F3,131.24443400378738,C3,False
keyboard_acoustic_011-055-100,55,G3,104.04520790184,G#2,False
keyboard_acoustic_018-049-025,49,C#3,123.89473098229527,B2,False
keyboard_acoustic_017-047-050,47,B2,138.69075815548692,C#3,False
keyboard_acoustic_019-046-050,46,A#2,110.35028758872775,A2,False
keyboard_acoustic_014-050-025,50,D3,174.6976461917842,F3,False
keyboard_acoustic_005-047-100,47,B2,196.3656026622899,G3,False
keyboard_acoustic_011-047-100,47,B2,73.31252130657947,D2,False
keyboard_acoustic_007-054-127,54,F#3,113.2378031182665,A#2,False
keyboard_acoustic_017-045-050,45,A2,138.54437003758687,C#3,False
keyboard_acoustic_019-056-075,56,G#3,196.30890217235384,G3,False
keyboard_acoustic_007-045-127,45,A2,116.29407844107884,A#2,False
keyboard_acoustic_006-047-100,47,B2,164.88278209727662,E3,False
keyboard_acoustic_016-054-075,54,F#3,51.974566224506916,G#1,False
keyboard_acoustic_002-045-127,45,A2,147.06915864851706,D3,False
keyboard_acoustic_007-056-100,56,G#3,138.8713382699771,C#3,False
keyboard_acoustic_001-051-075,51,D#3,207.70870711839487,G#3,False
keyboard_acoustic_009-047-075,47,B2,116.48572957572829,A#2,False
keyboard_acoustic_008-049-075,49,C#3,208.1218101397776,G#3,False
keyboard_acoustic_020-046-127,46,A#2,165.36000322330375,E3,False
keyboard_acoustic_017-048-050,48,C3,185.14865857661383,F#3,False
keyboard_acoustic_005-056-100,56,G#3,116.53008590976091,A#2,False
keyboard_acoustic_011-046-025,46,A#2,131.08465580036264,C3,False
keyboard_acoustic_006-049-050,49,C#3,103.98756731489094,G#2,False
keyboard_acoustic_014-044-127,44,G#2,123.2961971753486,B2,False
keyboard_acoustic_002-047-025,47,B2,138.8364729406629,C#3,False
keyboard_acoustic_016-046-075,46,A#2,110.04982972152202,A2,False
keyboard_acoustic_017-044-050,44,G#2,185.00532100918747,F#3,False
keyboard_acoustic_006-056-050,56,G#3,196.18697518590562,G3,False
keyboard_acoustic_010-054-075,54,F#3,103.67516233143922,G#2,False
keyboard_acoustic_017-053-025,53,F3,154.98929257041215,D#3,False
keyboard_acoustic_011-044-050,44,G#2,164.95575896284424,E3,False
keyboard_acoustic_019-049-100,49,C#3,92.29788917690321,F#2,False
keyboard_acoustic_014-046-025,46,A#2,110.31718776230719,A2,False
keyboard_acoustic_019-050-075,50,D3,196.76943080197265,G3,False
keyboard_acoustic_005-049-050,49,C#3,155.74888365995523,D#3,False
keyboard_acoustic_001-044-127,44,G#2,135.63051328472346,C#3,False
keyboard_acoustic_010-045-100,45,A2,131.32464436165282,C3,False
keyboard_acoustic_009-046-050,46,A#2,123.66013528790288,B2,False
keyboard_acoustic_005-054-127,54,F#3,155.71476065503623,D#3,False
keyboard_acoustic_012-046-127,46,A#2,174.80258700480658,F3,False
keyboard_acoustic_009-045-025,45,A2,156.47975686492822,D#3,False
keyboard_acoustic_013-051-025,51,D#3,196.3612595583137,G3,False
keyboard_acoustic_006-049-127,49,C#3,110.35421326047461,A2,False
keyboard_acoustic_019-044-100,44,G#2,138.70414175803995,C#3,False
keyboard_acoustic_016-046-100,46,A#2,109.91532106770742,A2,False
keyboard_acoustic_018-047-127,47,B2,165.34709207255148,E3,False
keyboard_acoustic_016-048-050,48,C3,146.6645277033946,D3,False
keyboard_acoustic_019-055-025,55,G3,138.7924691867206,C#3,False
keyboard_acoustic_015-056-100,56,G#3,208.05464705458587,G#3,True
keyboard_acoustic_000-056-050,56,G#3,119.92489522842192,A#2,False
keyboard_acoustic_016-051-100,51,D#3,109.91523144608837,A2,False
keyboard_acoustic_020-051-127,51,D#3,138.4210746162324,C#3,False
keyboard_acoustic_018-045-075,45,A2,52.057676893274405,G#1,False
keyboard_acoustic_011-048-127,48,C3,196.0250977483676,G3,False
keyboard_acoustic_013-050-127,50,D3,116.79143235679123,A#2,False
keyboard_acoustic_017-044-127,44,G#2,174.94961042403116,F3,False
keyboard_acoustic_018-046-050,46,A#2,130.81631061849146,C3,False
keyboard_acoustic_009-048-075,48,C3,174.17357235203445,F3,False
keyboard_acoustic_000-048-127,48,C3,154.98929257041215,D#3,False
keyboard_acoustic_009-051-127,51,D#3,123.57405579694812,B2,False
keyboard_acoustic_014-054-025,54,F#3,104.04356047283072,G#2,False
keyboard_acoustic_000-053-050,53,F3,131.17618825074163,C3,False
keyboard_acoustic_011-047-050,47,B2,165.2424507230527,E3,False
keyboard_acoustic_015-048-050,48,C3,146.66087786449856,D3,False
keyboard_acoustic_017-046-100,46,A#2,185.24028385867874,F#3,False
keyboard_acoustic_009-054-127,54,F#3,123.35940008681507,B2,False
keyboard_acoustic_016-054-100,54,F#3,174.86293457026088,F3,False
keyboard_acoustic_002-055-050,55,G3,110.37577653228782,A2,False
keyboard_acoustic_017-051-075,51,D#3,138.4234282781788,C#3,False
keyboard_acoustic_002-045-050,45,A2,196.5645740281326,G3,False
keyboard_acoustic_005-051-025,51,D#3,207.73936863579485,G#3,False
keyboard_acoustic_011-048-050,48,C3,109.97688828091529,A2,False
keyboard_acoustic_017-049-050,49,C#3,116.64063426853593,A#2,False
keyboard_acoustic_011-052-025,52,E3,196.0888419991426,G3,False
keyboard_acoustic_006-047-075,47,B2,147.12970959533956,D3,False
keyboard_acoustic_015-050-127,50,D3,104.2120926805763,G#2,False
keyboard_acoustic_002-051-075,51,D#3,130.79477670668155,C3,False
keyboard_acoustic_001-056-075,56,G#3,147.47017558368083,D3,False
keyboard_acoustic_008-056-127,56,G#3,184.35782809397733,F#3,False
keyboard_acoustic_006-051-050,51,D#3,165.13793509477915,E3,False
keyboard_acoustic_018-056-127,56,G#3,155.71934821126416,D#3,False
keyboard_acoustic_013-054-075,54,F#3,175.95113619936564,F3,False
keyboard_acoustic_000-044-127,44,G#2,123.33119661149128,B2,False
keyboard_acoustic_001-054-025,54,F#3,185.1278696963578,F#3,True
keyboard_acoustic_013-048-075,48,C3,103.72843242505873,G#2,False
keyboard_acoustic_014-047-075,47,B2,155.05311912974693,D#3,False
keyboard_acoustic_013-044-100,44,G#2,123.47292796351375,B2,False
keyboard_acoustic_003-049-100,49,C#3,208.32313163055716,G#3,False
keyboard_acoustic_014-054-127,54,F#3,165.14593550968573,E3,False
keyboard_acoustic_000-051-025,51,D#3,116.60017632143033,A#2,False
keyboard_acoustic_002-046-075,46,A#2,138.65624278221952,C#3,False
keyboard_acoustic_000-046-127,46,A#2,184.7996917888383,F#3,False
keyboard_acoustic_013-050-100,50,D3,103.56140993291893,G#2,False
keyboard_acoustic_015-054-050,54,F#3,165.29568722927996,E3,False
keyboard_acoustic_005-053-075,53,F3,116.98357614844201,A#2,False
keyboard_acoustic_006-050-100,50,D3,147.13481156363088,D3,True
keyboard_acoustic_000-053-075,53,F3,165.08334328581174,E3,False
keyboard_acoustic_016-051-075,51,D#3,208.2081807397002,G#3,False
keyboard_acoustic_014-055-127,55,G3,196.35138246431268,G3,True
keyboard_acoustic_008-056-025,56,G#3,175.06503520944722,F3,False
keyboard_acoustic_015-051-100,51,D#3,110.06402070691956,A2,False
keyboard_acoustic_000-048-100,48,C3,146.69459450144117,D3,False
keyboard_acoustic_005-050-127,50,D3,139.0235394879407,C#3,False
keyboard_acoustic_019-051-025,51,D#3,207.6815856649306,G#3,False
keyboard_acoustic_000-055-100,55,G3,116.58405963590249,A#2,False
keyboard_acoustic_010-048-025,48,C3,77.68931178541501,D#2,False
keyboard_acoustic_007-054-025,54,F#3,196.10046256469593,G3,False
keyboard_acoustic_017-051-100,51,D#3,110.00616997572736,A2,False
keyboard_acoustic_009-051-050,51,D#3,147.13458164271458,D3,False
keyboard_acoustic_008-056-075,56,G#3,174.92716864864303,F3,False
keyboard_acoustic_003-046-100,46,A#2,180.87056945468305,F#3,False
keyboard_acoustic_012-044-127,44,G#2,110.18770437716573,A2,False
keyboard_acoustic_014-050-050,50,D3,138.80004922611084,C#3,False
keyboard_acoustic_003-055-075,55,G3,196.1256455761216,G3,True
keyboard_acoustic_007-044-025,44,G#2,139.03901873555208,C#3,False
keyboard_acoustic_011-046-127,46,A#2,110.208515218538,A2,False
keyboard_acoustic_001-056-025,56,G#3,123.29019813930597,B2,False
keyboard_acoustic_015-048-127,48,C3,196.11798223777043,G3,False
keyboard_acoustic_018-054-075,54,F#3,155.85901266967272,D#3,False
keyboard_acoustic_000-045-050,45,A2,65.51992335048095,C2,False
keyboard_acoustic_009-047-127,47,B2,184.53822765845138,F#3,False
keyboard_acoustic_014-048-100,48,C3,103.59467598117169,G#2,False
keyboard_acoustic_001-050-050,50,D3,123.48682149309992,B2,False
keyboard_acoustic_005-046-075,46,A#2,165.31586230371752,E3,False
keyboard_acoustic_008-045-050,45,A2,130.8682239874638,C3,False
keyboard_acoustic_010-055-127,55,G3,104.21473672545577,G#2,False
keyboard_acoustic_019-045-050,45,A2,185.11902626089068,F#3,False
keyboard_acoustic_017-045-100,45,A2,103.74546754450196,G#2,False
keyboard_acoustic_018-045-100,45,A2,131.07959641683237,C3,False
keyboard_acoustic_015-050-025,50,D3,164.8941490896056,E3,False
keyboard_acoustic_012-054-025,54,F#3,155.31918215160545,D#3,False
keyboard_acoustic_016-055-050,55,G3,165.06100116747152,E3,False
keyboard_acoustic_017-044-025,44,G#2,123.11145187674137,B2,False
keyboard_acoustic_018-050-050,50,D3,138.9397641032931,C#3,False
keyboard_acoustic_002-044-075,44,G#2,110.02956128964509,A2,False
keyboard_acoustic_016-056-025,56,G#3,124.01708732458468,B2,False
keyboard_acoustic_016-052-127,52,E3,196.27425012801177,G3,False
keyboard_acoustic_010-047-075,47,B2,175.18705181366028,F3,False
keyboard_acoustic_005-048-075,48,C3,185.11513410960373,F#3,False
keyboard_acoustic_018-055-127,55,G3,147.1418428307601,D3,False
keyboard_acoustic_010-049-127,49,C#3,208.11354592270192,G#3,False
keyboard_acoustic_007-051-025,51,D#3,130.84272479045396,C3,False
keyboard_acoustic_006-048-025,48,C3,103.92992011371885,G#2,False
keyboard_acoustic_000-052-127,52,E3,116.84337661195622,A#2,False
keyboard_acoustic_011-045-100,45,A2,174.71431439392333,F3,False
keyboard_acoustic_003-054-075,54,F#3,130.64010084486821,C3,False
keyboard_acoustic_007-050-100,50,D3,103.70530364120538,G#2,False
keyboard_acoustic_007-055-100,55,G3,185.005069825536,F#3,False
keyboard_acoustic_008-047-025,47,B2,165.0987683348691,E3,False
keyboard_acoustic_006-052-100,52,E3,115.58539644438562,A#2,False
keyboard_acoustic_015-049-127,49,C#3,147.03029744461261,D3,False
keyboard_acoustic_012-055-127,55,G3,103.57156801946955,G#2,False
keyboard_acoustic_007-048-075,48,C3,127.39483242516425,C3,True
keyboard_acoustic_020-056-127,56,G#3,196.53491360764147,G3,False
keyboard_acoustic_015-050-050,50,D3,87.32152300361042,F2,False
keyboard_acoustic_003-049-075,49,C#3,116.45075316314305,A#2,False
keyboard_acoustic_005-045-050,45,A2,109.9864664598702,A2,True
keyboard_acoustic_017-052-050,52,E3,139.0217223491801,C#3,False
keyboard_acoustic_000-047-100,47,B2,207.68753167773963,G#3,False
keyboard_acoustic_012-052-100,52,E3,123.61323462856629,B2,False
keyboard_acoustic_002-051-100,51,D#3,103.76358292795783,G#2,False
keyboard_acoustic_008-054-100,54,F#3,116.78208886242095,A#2,False
keyboard_acoustic_003-045-127,45,A2,138.59503637053263,C#3,False
keyboard_acoustic_005-044-050,44,G#2,147.2472317933518,D3,False
keyboard_acoustic_015-053-075,53,F3,185.4445675820054,F#3,False
keyboard_acoustic_001-046-075,46,A#2,208.25856863615766,G#3,False
keyboard_acoustic_011-044-025,44,G#2,116.63282682071727,A#2,False
keyboard_acoustic_007-046-100,46,A#2,208.04206870988673,G#3,False
keyboard_acoustic_003-056-100,56,G#3,146.87897343708545,D3,False
keyboard_acoustic_005-049-127,49,C#3,174.62345146086895,F3,False
keyboard_acoustic_000-053-025,53,F3,174.7233056524626,F3,True
keyboard_acoustic_006-054-050,54,F#3,97.894052210528,G2,False
keyboard_acoustic_014-048-075,48,C3,138.88499783528624,C#3,False
keyboard_acoustic_016-055-127,55,G3,82.47349607126867,E2,False
keyboard_acoustic_012-050-025,50,D3,155.5963599004927,D#3,False
keyboard_acoustic_003-044-025,44,G#2,196.65395896865144,G3,False
keyboard_acoustic_006-045-025,45,A2,110.46000706516399,A2,True
keyboard_acoustic_017-049-127,49,C#3,139.39214829392358,C#3,True
keyboard_acoustic_014-056-025,56,G#3,123.8133894392823,B2,False
keyboard_acoustic_002-053-127,53,F3,130.83332640957684,C3,False
keyboard_acoustic_015-055-025,55,G3,116.74860697665613,A#2,False
keyboard_acoustic_007-049-100,49,C#3,164.97057111382202,E3,False
keyboard_acoustic_007-053-025,53,F3,207.8519659227005,G#3,False
keyboard_acoustic_006-047-025,47,B2,155.77030885279652,D#3,False
keyboard_acoustic_003-056-075,56,G#3,104.91794849322093,G#2,False
keyboard_acoustic_009-053-127,53,F3,123.53254557968972,B2,False
keyboard_acoustic_011-056-127,56,G#3,116.44426781728382,A#2,False
keyboard_acoustic_002-052-025,52,E3,130.838718956841,C3,False
keyboard_acoustic_005-056-075,56,G#3,106.87632602442724,A2,False
keyboard_acoustic_014-052-025,52,E3,185.28233850454566,F#3,False
keyboard_acoustic_018-049-127,49,C#3,106.5381682563358,G#2,False
keyboard_acoustic_008-049-100,49,C#3,110.04416815793698,A2,False
keyboard_acoustic_002-048-127,48,C3,147.13251665426017,D3,False
keyboard_acoustic_013-056-100,56,G#3,208.38335636890866,G#3,True
keyboard_acoustic_009-044-127,44,G#2,165.07006216997152,E3,False
keyboard_acoustic_010-051-075,51,D#3,116.86595444249451,A#2,False
keyboard_acoustic_017-049-100,49,C#3,139.01846818059826,C#3,True
keyboard_acoustic_011-049-025,49,C#3,110.15640392725649,A2,False
keyboard_acoustic_019-046-100,46,A#2,196.9180841173602,G3,False
keyboard_acoustic_018-046-025,46,A#2,155.30219943439167,D#3,False
keyboard_acoustic_002-048-075,48,C3,87.32152300361042,F2,False
keyboard_acoustic_008-053-075,53,F3,174.80371791613726,F3,True
keyboard_acoustic_006-055-075,55,G3,196.05062210409955,G3,True
keyboard_acoustic_019-050-100,50,D3,65.39523194807049,C2,False
keyboard_acoustic_012-053-025,53,F3,138.8708306965306,C#3,False
keyboard_acoustic_014-053-075,53,F3,110.09878567093654,A2,False
keyboard_acoustic_009-054-100,54,F#3,175.06104894715938,F3,False
keyboard_acoustic_013-055-050,55,G3,123.78648902123149,B2,False
keyboard_acoustic_012-049-025,49,C#3,103.59467598117169,G#2,False
keyboard_acoustic_008-054-075,54,F#3,146.82556916440353,D3,False
keyboard_acoustic_017-056-100,56,G#3,147.3059966351028,D3,False
keyboard_acoustic_002-056-025,56,G#3,164.8792323602265,E3,False
keyboard_acoustic_003-047-100,47,B2,131.05465000394275,C3,False
keyboard_acoustic_008-044-127,44,G#2,77.8177584043562,D#2,False
keyboard_acoustic_011-044-127,44,G#2,123.74467242146787,B2,False
keyboard_acoustic_001-053-025,53,F3,155.62110102760812,D#3,False
keyboard_acoustic_018-048-025,48,C3,175.2772851851933,F3,False
keyboard_acoustic_000-056-127,56,G#3,116.56874230672298,A#2,False
keyboard_acoustic_018-046-127,46,A#2,103.96270997425025,G#2,False
keyboard_acoustic_015-052-100,52,E3,131.20313312022316,C3,False
keyboard_acoustic_011-051-050,51,D#3,81.94206327564578,E2,False
keyboard_acoustic_018-050-025,50,D3,207.87749971798644,G#3,False
keyboard_acoustic_009-047-025,47,B2,123.37870648694638,B2,True
keyboard_acoustic_008-056-100,56,G#3,185.32029534041624,F#3,False
keyboard_acoustic_012-049-100,49,C#3,155.732991732325,D#3,False
keyboard_acoustic_018-056-100,56,G#3,130.81761991150546,C3,False
keyboard_acoustic_014-045-025,45,A2,196.5308183970048,G3,False
keyboard_acoustic_002-051-127,51,D#3,123.65024315484985,B2,False
keyboard_acoustic_005-045-075,45,A2,109.66512446394802,A2,True
keyboard_acoustic_008-048-127,48,C3,174.92672873524782,F3,False
keyboard_acoustic_019-053-127,53,F3,195.94079128485737,G3,False
keyboard_acoustic_001-044-025,44,G#2,138.31334019604202,C#3,False
keyboard_acoustic_012-047-025,47,B2,109.8474883047036,A2,False
keyboard_acoustic_007-050-025,50,D3,119.69143553915731,A#2,False
keyboard_acoustic_005-056-127,56,G#3,210.0740557128123,G#3,True
keyboard_acoustic_003-056-127,56,G#3,109.72937117185147,A2,False
keyboard_acoustic_015-053-050,53,F3,122.35486371306615,B2,False
keyboard_acoustic_007-046-127,46,A#2,155.71399850779136,D#3,False
keyboard_acoustic_008-052-050,52,E3,116.89040617076877,A#2,False
keyboard_acoustic_016-045-025,45,A2,104.30986107313001,G#2,False
keyboard_acoustic_016-046-050,46,A#2,130.83113712431293,C3,False
keyboard_acoustic_001-045-100,45,A2,207.998366616512,G#3,False
keyboard_acoustic_017-046-127,46,A#2,146.85239058236164,D3,False
keyboard_acoustic_010-054-050,54,F#3,185.72275720467027,F#3,True
keyboard_acoustic_015-052-050,52,E3,219.61912249298388,A3,False
keyboard_acoustic_013-046-100,46,A#2,174.95923893995567,F3,False
keyboard_acoustic_019-049-127,49,C#3,123.68918172240679,B2,False
keyboard_acoustic_000-054-075,54,F#3,138.41124598447738,C#3,False
keyboard_acoustic_002-044-127,44,G#2,165.02581140295894,E3,False
keyboard_acoustic_009-046-100,46,A#2,155.98885438857357,D#3,False
keyboard_acoustic_001-044-100,44,G#2,123.66749551950848,B2,False
keyboard_acoustic_006-051-127,51,D#3,131.05902521605014,C3,False
keyboard_acoustic_010-050-025,50,D3,92.29307199627073,F#2,False
keyboard_acoustic_008-049-127,49,C#3,164.88000949242019,E3,False
keyboard_acoustic_000-054-050,54,F#3,123.72611556707284,B2,False
keyboard_acoustic_019-045-075,45,A2,174.78337999141073,F3,False
keyboard_acoustic_018-054-050,54,F#3,155.6308506905537,D#3,False
keyboard_acoustic_011-056-100,56,G#3,103.63887767934274,G#2,False
keyboard_acoustic_005-054-100,54,F#3,184.87127813137315,F#3,True
keyboard_acoustic_016-052-075,52,E3,81.94206327564578,E2,False
keyboard_acoustic_006-046-075,46,A#2,185.52075680663853,F#3,False
keyboard_acoustic_013-056-127,56,G#3,146.9222257242729,D3,False
keyboard_acoustic_010-056-050,56,G#3,131.20092600672706,C3,False
keyboard_acoustic_007-051-100,51,D#3,104.45515317527244,G#2,False
keyboard_acoustic_007-049-050,49,C#3,123.26434706656073,B2,False
keyboard_acoustic_014-044-075,44,G#2,116.51026491037805,A#2,False
keyboard_acoustic_018-056-075,56,G#3,111.15553900654122,A2,False
keyboard_acoustic_016-051-127,51,D#3,207.73456467271785,G#3,False
keyboard_acoustic_019-047-100,47,B2,147.07279028216965,D3,False
keyboard_acoustic_011-048-100,48,C3,196.29795351085824,G3,False
keyboard_acoustic_018-046-075,46,A#2,138.51866489980034,C#3,False
keyboard_acoustic_012-051-025,51,D#3,113.19972901385023,A2,False
keyboard_acoustic_006-046-100,46,A#2,73.4622654584985,D2,False
keyboard_acoustic_012-055-050,55,G3,138.48798092928257,C#3,False
keyboard_acoustic_013-047-050,47,B2,174.83209080693962,F3,False
keyboard_acoustic_015-056-025,56,G#3,156.19530156846955,D#3,False
keyboard_acoustic_016-051-050,51,D#3,208.0142957122602,G#3,False
keyboard_acoustic_017-056-127,56,G#3,165.67201124723547,E3,False
keyboard_acoustic_013-044-025,44,G#2,146.9440088901428,D3,False
keyboard_acoustic_017-048-100,48,C3,116.86453261148628,A#2,False
keyboard_acoustic_011-050-025,50,D3,130.89594026014487,C3,False
keyboard_acoustic_005-053-025,53,F3,104.02761261099009,G#2,False
keyboard_acoustic_015-048-075,48,C3,185.11061258724067,F#3,False
keyboard_acoustic_000-045-100,45,A2,69.21342009723557,C#2,False
keyboard_acoustic_011-048-075,48,C3,164.94270626026162,E3,False
keyboard_acoustic_015-051-025,51,D#3,155.86041020813153,D#3,True
keyboard_acoustic_013-054-050,54,F#3,116.85630060357846,A#2,False
keyboard_acoustic_006-054-025,54,F#3,165.10890445617693,E3,False
keyboard_acoustic_006-044-025,44,G#2,208.76639002875595,G#3,False
keyboard_acoustic_011-051-075,51,D#3,174.7542455179887,F3,False
keyboard_acoustic_017-049-075,49,C#3,156.26955099295648,D#3,False
keyboard_acoustic_020-044-127,44,G#2,195.11516700931082,G3,False
keyboard_acoustic_008-055-100,55,G3,110.34309853813697,A2,False
keyboard_acoustic_018-052-100,52,E3,138.568144308713,C#3,False
keyboard_acoustic_001-055-025,55,G3,109.95513242176972,A2,False
keyboard_acoustic_019-048-075,48,C3,195.93897437369188,G3,False
keyboard_acoustic_015-050-100,50,D3,116.74168250794057,A#2,False
keyboard_acoustic_008-044-100,44,G#2,165.06561396612466,E3,False
keyboard_acoustic_017-055-050,55,G3,208.07606592600987,G#3,False
keyboard_acoustic_009-056-100,56,G#3,146.7059722451113,D3,False
keyboard_acoustic_019-055-100,55,G3,185.51514947001107,F#3,False
keyboard_acoustic_010-049-075,49,C#3,104.18267933746327,G#2,False
keyboard_acoustic_015-049-100,49,C#3,130.53812847770524,C3,False
keyboard_acoustic_006-050-025,50,D3,165.14303974921256,E3,False
keyboard_acoustic_003-053-050,53,F3,155.72495324786138,D#3,False
keyboard_acoustic_016-056-050,56,G#3,185.0926877939571,F#3,False
keyboard_acoustic_018-052-050,52,E3,123.55855404662648,B2,False
keyboard_acoustic_009-044-075,44,G#2,103.8048805461905,G#2,True
keyboard_acoustic_005-051-050,51,D#3,174.92539353175158,F3,False
keyboard_acoustic_007-052-100,52,E3,155.85947416014574,D#3,False
keyboard_acoustic_019-048-100,48,C3,124.25847014101123,B2,False
keyboard_acoustic_012-044-100,44,G#2,104.14869021988792,G#2,True
keyboard_acoustic_006-051-100,51,D#3,131.07745944331663,C3,False
keyboard_acoustic_000-050-075,50,D3,155.39072813036785,D#3,False
keyboard_acoustic_008-055-075,55,G3,164.9085419423626,E3,False
keyboard_acoustic_005-052-127,52,E3,185.37876178018826,F#3,False
keyboard_acoustic_010-051-050,51,D#3,123.59034990363378,B2,False
keyboard_acoustic_001-052-100,52,E3,207.84053781372168,G#3,False
keyboard_acoustic_006-055-127,55,G3,116.44829073211645,A#2,False
keyboard_acoustic_003-052-050,52,E3,174.95842251351172,F3,False
keyboard_acoustic_018-051-127,51,D#3,146.48655394644288,D3,False
keyboard_acoustic_008-053-127,53,F3,337.89932732902486,E4,False
keyboard_acoustic_005-055-100,55,G3,109.57598048560901,A2,False
keyboard_acoustic_007-045-050,45,A2,130.87972228092178,C3,False
keyboard_acoustic_006-047-050,47,B2,196.18822690173016,G3,False
keyboard_acoustic_000-046-075,46,A#2,207.9215372273341,G#3,False
keyboard_acoustic_007-052-075,52,E3,185.55154190598427,F#3,False
keyboard_acoustic_010-053-075,53,F3,69.32481613544735,C#2,False
keyboard_acoustic_005-049-100,49,C#3,146.8074682858781,D3,False
keyboard_acoustic_003-045-075,45,A2,116.60076684134222,A#2,False
keyboard_acoustic_017-052-025,52,E3,130.88416683569835,C3,False
keyboard_acoustic_003-047-025,47,B2,104.2329406237308,G#2,False
keyboard_acoustic_019-046-025,46,A#2,207.7982207538067,G#3,False
keyboard_acoustic_012-053-100,53,F3,138.66920078057183,C#3,False
keyboard_acoustic_002-054-127,54,F#3,110.3439330548621,A2,False
keyboard_acoustic_009-049-050,49,C#3,116.57921095697557,A#2,False
keyboard_acoustic_020-053-127,53,F3,174.82773780613175,F3,True
keyboard_acoustic_000-055-075,55,G3,195.3390817668161,G3,True
keyboard_acoustic_002-047-075,47,B2,103.83475053786985,G#2,False
keyboard_acoustic_012-048-050,48,C3,155.77706436293343,D#3,False
keyboard_acoustic_017-046-025,46,A#2,73.3304435785509,D2,False
keyboard_acoustic_001-053-100,53,F3,185.1057153702656,F#3,False
keyboard_acoustic_002-050-100,50,D3,123.51339661656502,B2,False
keyboard_acoustic_012-056-050,56,G#3,185.16683444081104,F#3,False
keyboard_acoustic_013-045-050,45,A2,103.95373687265305,G#2,False
keyboard_acoustic_011-052-100,52,E3,131.0612962661981,C3,False
keyboard_acoustic_005-051-100,51,D#3,170.6047474593371,F3,False
keyboard_acoustic_015-056-050,56,G#3,165.30191533718448,E3,False
keyboard_acoustic_008-052-127,52,E3,208.15356339614763,G#3,False
keyboard_acoustic_009-045-127,45,A2,165.00820917005936,E3,False
keyboard_acoustic_010-050-100,50,D3,185.28303921609097,F#3,False
keyboard_acoustic_014-044-050,44,G#2,116.70571772465229,A#2,False
keyboard_acoustic_002-051-025,51,D#3,131.00505663858854,C3,False
keyboard_acoustic_002-053-075,53,F3,104.06491496517867,G#2,False
keyboard_acoustic_003-051-127,51,D#3,164.60526352850974,E3,False
keyboard_acoustic_005-047-025,47,B2,123.98907763597121,B2,True
keyboard_acoustic_008-050-025,50,D3,138.51654362828504,C#3,False
keyboard_acoustic_019-047-127,47,B2,110.09152973807913,A2,False
keyboard_acoustic_017-055-127,55,G3,196.1575630286756,G3,True
keyboard_acoustic_008-046-050,46,A#2,155.85956107825285,D#3,False
keyboard_acoustic_013-045-075,45,A2,174.30114836846963,F3,False
keyboard_acoustic_014-052-127,52,E3,109.90628003113966,A2,False
keyboard_acoustic_011-054-075,54,F#3,138.87476370555,C#3,False
keyboard_acoustic_007-056-025,56,G#3,196.08661522896222,G3,False
keyboard_acoustic_018-052-127,52,E3,111.85739017431158,A2,False
keyboard_acoustic_005-046-127,46,A#2,115.9852287423724,A#2,True
keyboard_acoustic_019-052-025,52,E3,174.90438516336965,F3,False
keyboard_acoustic_007-049-075,49,C#3,146.75080653606432,D3,False
